sample-id	Assay Type	AvgSpotLen	Bases	BioProject	BioSample	BioSampleModel	Bytes	Center Name	collection_date	Consent	DATASTORE filetype	DATASTORE provider	DATASTORE region	env_biome	env_feature	env_material	Experiment	geo_loc_name_country	geo_loc_name_country_continent	geo_loc_name	Host	Family	Order	Life_trait	Instrument	Isolation_source	lat_lon	Library Name	LibraryLayout	LibrarySelection	Region	LibrarySource	misc_param	Organism	Platform	ReleaseDate	Sample Name	SRA Study	Altitude_m	Ann_mean_temp	Ann_mean_precip	Precip_Rainy	Precip_Dry	Texture	pH	C_pc	N_ug_g1	P_ug_g1	K_ug_g1	EC_dS_m1
SRR8365868	OTHER	502	49682969	PRJNA511384	SAMN10639368	"MIMS.me,MIGS/MIMS/MIMARKS.plant-associated"	28741682	CENTRE OF BIOTECHNOLOGY OF BORJ CEDRIA (TUNISIA)	01/04/2015	public	"fastq,sra"	"s3,gs,ncbi"	"ncbi.public,s3.us-east-1,gs.US"	agricultural field	Rhizosphere	Soil	SRX5176207	Tunisia	Afroeurasia	Tunisia:Kasserin	Opuntia ficus-indica	Cactaceae	Caryophyllales	Perennial	Illumina MiSeq	Root of Opuntia ficus indica 4	35.21 N 8.48 E	R4_S74_Upper_Arid_KS_1_Root_Spineless	PAIRED	PCR	v3/v4	METAGENOMIC	biological replicate 1	plant metagenome	ILLUMINA	09/06/2020 19:00	R4_S74_Upper_Arid_KS_1_Root_Spineless	SRP174342	1137	14.52083	384	125	59	na	5.74	0.6	1.41	1.49	91.52	5.1
SRR8365840	OTHER	585	22713512	PRJNA511384	SAMN10639350	"MIMS.me,MIGS/MIMS/MIMARKS.plant-associated"	13158536	CENTRE OF BIOTECHNOLOGY OF BORJ CEDRIA (TUNISIA)	01/04/2015	public	"sra,fastq"	"ncbi,s3,gs"	"s3.us-east-1,ncbi.public,gs.US"	agricultural field	Soil	Soil	SRX5176223	Tunisia	Afroeurasia	Tunisia:Kasserin	Opuntia ficus-indica	Cactaceae	Caryophyllales	Perennial	Illumina MiSeq	rhizosphere-soil of Opuntia ficus indica 4	35.21 N 8.48 E	MG4_S4_Upper_Arid_KS_1_Soil_Spineless	PAIRED	PCR	v3/v4	METAGENOMIC	biological replicate 1	plant metagenome	ILLUMINA	09/06/2020 19:00	MG4_S4_Upper_Arid_KS_1_Soil_Spineless	SRP174342	1137	14.52083	384	125	59	na	5.74	0.6	1.41	1.49	91.52	5.1
SRR3108955	AMPLICON	502	31106430	PRJNA308956	SAMN04418114	"MIMARKS.survey,MIGS/MIMS/MIMARKS.plant-associated"	16297954	USDA-ARS	10/10/2012	public	"fastq,sra"	"gs,s3,ncbi"	"ncbi.public,gs.US,s3.us-east-1"	desert	Soil	Soil	SRX1537265	Mexico	North America	Mexico: Las Animas	Myrtillocactus geometrizans	Cactaceae	Caryophyllales	Perennial	Illumina MiSeq	Bulk Soil sample	21.05 N 100.17 W	28819	PAIRED	PCR	v4	METAGENOMIC	MG-1-BSC-SUM-mg_16S_1	rhizosphere metagenome	ILLUMINA	25/01/2016 18:00	MG-1-BSC-SUM-mg_16S	SRP068631	2175	18.3	485	355	130	Sandy loam	5.79	3.97	8.76	18.11	64.35	na
SRR3108963	AMPLICON	502	29408164	PRJNA308956	SAMN04418122	"MIMARKS.survey,MIGS/MIMS/MIMARKS.plant-associated"	15682738	USDA-ARS	04/06/2012	public	"fastq,sra"	"gs,s3,ncbi"	"ncbi.public,gs.US,s3.us-east-1"	desert	Rhizosphere	Soil	SRX1537273	Mexico	North America	Mexico: Las Animas	Myrtillocactus geometrizans	Cactaceae	Caryophyllales	Perennial	Illumina MiSeq	Xerophyte Rhizosphere	21.05 N 100.17 W	28896	PAIRED	PCR	v4	METAGENOMIC	MG-1-RHIZO-SPR-mg_16S_1	rhizosphere metagenome	ILLUMINA	25/01/2016 18:00	MG-1-RHIZO-SPR-mg_16S	SRP068631	2175	18.3	485	355	130	Sandy loam	5.79	3.97	8.76	18.11	64.35	na
SRR3108966	AMPLICON	502	37465766	PRJNA308956	SAMN04418124	"MIMARKS.survey,MIGS/MIMS/MIMARKS.plant-associated"	20181642	USDA-ARS	10/10/2012	public	"fastq,sra"	"gs,s3,ncbi"	"ncbi.public,gs.US,s3.us-east-1"	desert	Soil	Soil	SRX1537276	Mexico	North America	Mexico: Las Animas	Myrtillocactus geometrizans	Cactaceae	Caryophyllales	Perennial	Illumina MiSeq	Root Zone Soil sample	21.05 N 100.17 W	28905	PAIRED	PCR	v4	METAGENOMIC	MG-1-RZ-SUM-mg_16S_1	rhizosphere metagenome	ILLUMINA	25/01/2016 18:00	MG-1-RZ-SUM-mg_16S	SRP068631	2175	18.3	485	355	130	Sandy loam	5.79	3.97	8.76	18.11	64.35	na
SRR3108974	AMPLICON	502	27087418	PRJNA308956	SAMN04418132	"MIMARKS.survey,MIGS/MIMS/MIMARKS.plant-associated"	14058780	USDA-ARS	10/10/2012	public	"fastq,sra"	"gs,s3,ncbi"	"ncbi.public,gs.US,s3.us-east-1"	desert	Soil	Soil	SRX1537284	Mexico	North America	Mexico: Las Animas	Opuntia robusta	Cactaceae	Caryophyllales	Perennial	Illumina MiSeq	Bulk Soil sample	21.05 N 100.17 W	28781	PAIRED	PCR	v4	METAGENOMIC	MG-1-BSC-SUM-or_16S_1	rhizosphere metagenome	ILLUMINA	25/01/2016 18:00	MG-1-BSC-SUM-or_16S	SRP068631	2175	18.3	485	355	130	Sandy loam	5.79	3.97	8.76	18.11	64.35	na
SRR3108983	AMPLICON	502	45893342	PRJNA308956	SAMN04418140	"MIMARKS.survey,MIGS/MIMS/MIMARKS.plant-associated"	23582954	USDA-ARS	04/06/2012	public	"sra,fastq"	"ncbi,gs,s3"	"ncbi.public,gs.US,s3.us-east-1"	desert	Soil	Soil	SRX1537293	Mexico	North America	Mexico: Las Animas	Opuntia robusta	Cactaceae	Caryophyllales	Perennial	Illumina MiSeq	Root Zone Soil sample	21.05 N 100.17 W	28829	PAIRED	PCR	v4	METAGENOMIC	MG-1-RZ-SPR-or_16S_1	rhizosphere metagenome	ILLUMINA	25/01/2016 18:00	MG-1-RZ-SPR-or_16S	SRP068631	2175	18.3	485	355	130	Sandy loam	5.79	3.97	8.76	18.11	64.35	na
SRR3108986	AMPLICON	502	31825294	PRJNA308956	SAMN04418143	"MIMARKS.survey,MIGS/MIMS/MIMARKS.plant-associated"	16315657	USDA-ARS	10/10/2012	public	"fastq,sra"	"ncbi,gs,s3"	"gs.US,s3.us-east-1,ncbi.public"	desert	Soil	Soil	SRX1537296	Mexico	North America	Mexico: Las Animas	Opuntia robusta	Cactaceae	Caryophyllales	Perennial	Illumina MiSeq	Root Zone Soil sample	21.05 N 100.17 W	28844	PAIRED	PCR	v4	METAGENOMIC	MG-1-RZ-SUM-or_16S_1	rhizosphere metagenome	ILLUMINA	25/01/2016 18:00	MG-1-RZ-SUM-or_16S	SRP068631	2175	18.3	485	355	130	Sandy loam	5.79	3.97	8.76	18.11	64.35	na
SRR3108987	AMPLICON	502	21887702	PRJNA308956	SAMN04418108	"MIMARKS.survey,MIGS/MIMS/MIMARKS.plant-associated"	11373241	USDA-ARS	04/06/2012	public	"sra,fastq"	"gs,ncbi,s3"	"ncbi.public,gs.US,s3.us-east-1"	desert	Soil	Soil	SRX1537297	Mexico	North America	Mexico: Las Animas	Myrtillocactus geometrizans	Cactaceae	Caryophyllales	Perennial	Illumina MiSeq	Bulk Soil sample	21.05 N 100.17 W	28769	PAIRED	PCR	v4	METAGENOMIC	MG-1-BSC-SPR-mg_16S_1	rhizosphere metagenome	ILLUMINA	25/01/2016 18:00	MG-1-BSC-SPR-mg_16S	SRP068631	2175	18.3	485	355	130	Sandy loam	5.79	3.97	8.76	18.11	64.35	na
SRR3108988	AMPLICON	502	31262050	PRJNA308956	SAMN04418144	"MIMARKS.survey,MIGS/MIMS/MIMARKS.plant-associated"	16348302	USDA-ARS	10/10/2012	public	"fastq,sra"	"gs,ncbi,s3"	"ncbi.public,gs.US,s3.us-east-1"	desert	Rhizosphere	Soil	SRX1537298	Mexico	North America	Mexico: Las Animas	Opuntia robusta	Cactaceae	Caryophyllales	Perennial	Illumina MiSeq	Xerophyte Rhizosphere	21.05 N 100.17 W	28859	PAIRED	PCR	v4	METAGENOMIC	MG-1-RHIZO-SUM-or_16S_1	rhizosphere metagenome	ILLUMINA	25/01/2016 18:00	MG-1-RHIZO-SUM-or_16S	SRP068631	2175	18.3	485	355	130	Sandy loam	5.79	3.97	8.76	18.11	64.35	na
SRR3108991	AMPLICON	502	32745460	PRJNA308956	SAMN04418147	"MIMARKS.survey,MIGS/MIMS/MIMARKS.plant-associated"	16854918	USDA-ARS	04/06/2012	public	"fastq,sra"	"gs,s3,ncbi"	"ncbi.public,gs.US,s3.us-east-1"	desert	Rhizosphere	Soil	SRX1537301	Mexico	North America	Mexico: Las Animas	Opuntia robusta	Cactaceae	Caryophyllales	Perennial	Illumina MiSeq	Xerophyte Rhizosphere	21.05 N 100.17 W	28873	PAIRED	PCR	v4	METAGENOMIC	MG-1-RHIZO-SPR-or_16S_1	rhizosphere metagenome	ILLUMINA	25/01/2016 18:00	MG-1-RHIZO-SPR-or_16S	SRP068631	2175	18.3	485	355	130	Sandy loam	5.79	3.97	8.76	18.11	64.35	na
SRR3108992	AMPLICON	502	38945160	PRJNA308956	SAMN04418148	"MIMARKS.survey,MIGS/MIMS/MIMARKS.plant-associated"	20911099	USDA-ARS	04/06/2012	public	"fastq,sra"	"gs,s3,ncbi"	"ncbi.public,gs.US,s3.us-east-1"	desert	Soil	Soil	SRX1537302	Mexico	North America	Mexico: Las Animas	Opuntia robusta	Cactaceae	Caryophyllales	Perennial	Illumina MiSeq	Bulk Soil sample	21.05 N 100.17 W	28886	PAIRED	PCR	v4	METAGENOMIC	MG-1-BSC-SPR-or_16S_1	rhizosphere metagenome	ILLUMINA	25/01/2016 18:00	MG-1-BSC-SPR-or_16S	SRP068631	2175	18.3	485	355	130	Sandy loam	5.79	3.97	8.76	18.11	64.35	na
SRR3108998	AMPLICON	502	14636312	PRJNA308956	SAMN04418109	"MIMARKS.survey,MIGS/MIMS/MIMARKS.plant-associated"	7529972	USDA-ARS	10/10/2012	public	"sra,fastq"	"ncbi,gs,s3"	"ncbi.public,gs.US,s3.us-east-1"	desert	Rhizosphere	Soil	SRX1537308	Mexico	North America	Mexico: Las Animas	Myrtillocactus geometrizans	Cactaceae	Caryophyllales	Perennial	Illumina MiSeq	Xerophyte Rhizosphere	21.05 N 100.17 W	28774	PAIRED	PCR	v4	METAGENOMIC	MG-1-RHIZO-SUM-mg_16S_1	rhizosphere metagenome	ILLUMINA	25/01/2016 18:00	MG-1-RHIZO-SUM-mg_16S	SRP068631	2175	18.3	485	355	130	Sandy loam	5.79	3.97	8.76	18.11	64.35	na
SRR3109031	AMPLICON	502	31859932	PRJNA308956	SAMN04418112	"MIMARKS.survey,MIGS/MIMS/MIMARKS.plant-associated"	16572950	USDA-ARS	04/06/2012	public	"fastq,sra"	"gs,ncbi,s3"	"ncbi.public,gs.US,s3.us-east-1"	desert	Soil	Soil	SRX1537341	Mexico	North America	Mexico: Las Animas	Myrtillocactus geometrizans	Cactaceae	Caryophyllales	Perennial	Illumina MiSeq	Root Zone Soil sample	21.05 N 100.17 W	28811	PAIRED	PCR	v4	METAGENOMIC	MG-1-RZ-SPR-mg_16S_1	rhizosphere metagenome	ILLUMINA	25/01/2016 18:00	MG-1-RZ-SPR-mg_16S	SRP068631	2175	18.3	485	355	130	Sandy loam	5.79	3.97	8.76	18.11	64.35	na
SRR3108975	AMPLICON	502	29078852	PRJNA308956	SAMN04418133	"MIMARKS.survey,MIGS/MIMS/MIMARKS.plant-associated"	15093339	USDA-ARS	30/05/2012	public	"sra,fastq"	"gs,ncbi,s3"	"ncbi.public,gs.US,s3.us-east-1"	desert	Soil	Soil	SRX1537285	Mexico	North America	Mexico: El Jaral	Opuntia robusta	Cactaceae	Caryophyllales	Perennial	Illumina MiSeq	Bulk Soil sample	21.10 N 101.02 W	28793	PAIRED	PCR	v4	METAGENOMIC	SF-1-BSC-SPR-or_16S_1	rhizosphere metagenome	ILLUMINA	25/01/2016 18:00	SF-1-BSC-SPR-or_16S	SRP068631	2089	17	204.5	136.5	68	Sandy loam	6.25	0.71	12.65	4.53	251.7	na
SRR3108978	AMPLICON	502	21827964	PRJNA308956	SAMN04418135	"MIMARKS.survey,MIGS/MIMS/MIMARKS.plant-associated"	11370875	USDA-ARS	30/05/2012	public	"fastq,sra"	"ncbi,gs,s3"	"ncbi.public,gs.US,s3.us-east-1"	desert	Soil	Soil	SRX1537288	Mexico	North America	Mexico: El Jaral	Opuntia robusta	Cactaceae	Caryophyllales	Perennial	Illumina MiSeq	Root Zone Soil sample	21.10 N 101.02 W	28796	PAIRED	PCR	v4	METAGENOMIC	SF-1-RZ-SPR-or_16S_1	rhizosphere metagenome	ILLUMINA	25/01/2016 18:00	SF-1-RZ-SPR-or_16S	SRP068631	2089	17	204.5	136.5	68	Sandy loam	6.25	0.71	12.65	4.53	251.7	na
SRR3108979	AMPLICON	502	28192320	PRJNA308956	SAMN04418136	"MIMARKS.survey,MIGS/MIMS/MIMARKS.plant-associated"	14525918	USDA-ARS	12/10/2012	public	"fastq,sra"	"gs,ncbi,s3"	"ncbi.public,gs.US,s3.us-east-1"	desert	Soil	Soil	SRX1537289	Mexico	North America	Mexico: El Jaral	Opuntia robusta	Cactaceae	Caryophyllales	Perennial	Illumina MiSeq	Bulk Soil sample	21.10 N 101.02 W	28803	PAIRED	PCR	v4	METAGENOMIC	SF-1-BSC-SUM-or_16S_1	rhizosphere metagenome	ILLUMINA	25/01/2016 18:00	SF-1-BSC-SUM-or_16S	SRP068631	2089	17	204.5	136.5	68	Sandy loam	6.25	0.71	12.65	4.53	251.7	na
SRR3108980	AMPLICON	502	36376928	PRJNA308956	SAMN04418137	"MIMARKS.survey,MIGS/MIMS/MIMARKS.plant-associated"	18838164	USDA-ARS	12/10/2012	public	"fastq,sra"	"gs,ncbi,s3"	"ncbi.public,gs.US,s3.us-east-1"	desert	Soil	Soil	SRX1537290	Mexico	North America	Mexico: El Jaral	Opuntia robusta	Cactaceae	Caryophyllales	Perennial	Illumina MiSeq	Root Zone Soil sample	21.10 N 101.02 W	28816	PAIRED	PCR	v4	METAGENOMIC	SF-1-RZ-SUM-or_16S_1	rhizosphere metagenome	ILLUMINA	25/01/2016 18:00	SF-1-RZ-SUM-or_16S	SRP068631	2089	17	204.5	136.5	68	Sandy loam	6.25	0.71	12.65	4.53	251.7	na
SRR3108989	AMPLICON	502	38187642	PRJNA308956	SAMN04418145	"MIMARKS.survey,MIGS/MIMS/MIMARKS.plant-associated"	20207609	USDA-ARS	12/10/2012	public	"fastq,sra"	"gs,ncbi,s3"	"ncbi.public,gs.US,s3.us-east-1"	desert	Rhizosphere	Soil	SRX1537299	Mexico	North America	Mexico: El Jaral	Opuntia robusta	Cactaceae	Caryophyllales	Perennial	Illumina MiSeq	Xerophyte Rhizosphere	21.10 N 101.02 W	28861	PAIRED	PCR	v4	METAGENOMIC	SF-1-RHIZO-SUM-or_16S_1	rhizosphere metagenome	ILLUMINA	25/01/2016 18:00	SF-1-RHIZO-SUM-or_16S	SRP068631	2089	17	204.5	136.5	68	Sandy loam	6.25	0.71	12.65	4.53	251.7	na
SRR3108994	AMPLICON	502	31485440	PRJNA308956	SAMN04418150	"MIMARKS.survey,MIGS/MIMS/MIMARKS.plant-associated"	17140135	USDA-ARS	30/05/2012	public	"fastq,sra"	"ncbi,gs,s3"	"ncbi.public,gs.US,s3.us-east-1"	desert	Rhizosphere	Soil	SRX1537304	Mexico	North America	Mexico: El Jaral	Opuntia robusta	Cactaceae	Caryophyllales	Perennial	Illumina MiSeq	Xerophyte Rhizosphere	21.10 N 101.02 W	28895	PAIRED	PCR	v4	METAGENOMIC	SF-1-RHIZO-SPR-or_16S_1	rhizosphere metagenome	ILLUMINA	25/01/2016 18:00	SF-1-RHIZO-SPR-or_16S	SRP068631	2089	17	204.5	136.5	68	Sandy loam	6.25	0.71	12.65	4.53	251.7	na
SRR3108958	AMPLICON	502	30015584	PRJNA308956	SAMN04418117	"MIMARKS.survey,MIGS/MIMS/MIMARKS.plant-associated"	16301881	USDA-ARS	12/10/2012	public	"fastq,sra"	"s3,gs,ncbi"	"ncbi.public,gs.US,s3.us-east-1"	desert	Soil	Soil	SRX1537268	Mexico	North America	Mexico: El Jaral	Myrtillocactus geometrizans	Cactaceae	Caryophyllales	Perennial	Illumina MiSeq	Bulk Soil sample	21.40 N 101.02 W	28855	PAIRED	PCR	v4	METAGENOMIC	SF-1-BSC-SUM-mg_16S_1	rhizosphere metagenome	ILLUMINA	25/01/2016 18:00	SF-1-BSC-SUM-mg_16S	SRP068631	2089	17	204.5	136.5	68	Sandy loam	6.25	0.71	12.65	4.53	251.7	na
SRR3108959	AMPLICON	502	36247914	PRJNA308956	SAMN04418118	"MIMARKS.survey,MIGS/MIMS/MIMARKS.plant-associated"	19718790	USDA-ARS	30/05/2012	public	"fastq,sra"	"ncbi,gs,s3"	"ncbi.public,gs.US,s3.us-east-1"	desert	Soil	Soil	SRX1537269	Mexico	North America	Mexico: El Jaral	Myrtillocactus geometrizans	Cactaceae	Caryophyllales	Perennial	Illumina MiSeq	Root Zone Soil sample	21.40 N 101.02 W	28858	PAIRED	PCR	v4	METAGENOMIC	SF-1-RZ-SPR-mg_16S_1	rhizosphere metagenome	ILLUMINA	25/01/2016 18:00	SF-1-RZ-SPR-mg_16S	SRP068631	2089	17	204.5	136.5	68	Sandy loam	6.25	0.71	12.65	4.53	251.7	na
SRR3108968	AMPLICON	502	45061528	PRJNA308956	SAMN04418126	"MIMARKS.survey,MIGS/MIMS/MIMARKS.plant-associated"	23658428	USDA-ARS	30/05/2012	public	"sra,fastq"	"gs,s3,ncbi"	"ncbi.public,gs.US,s3.us-east-1"	desert	Rhizosphere	Soil	SRX1537278	Mexico	North America	Mexico: El Jaral	Myrtillocactus geometrizans	Cactaceae	Caryophyllales	Perennial	Illumina MiSeq	Xerophyte Rhizosphere	21.40 N 101.02 W	28920	PAIRED	PCR	v4	METAGENOMIC	SF-1-RHIZO-SPR-mg_16S_1	rhizosphere metagenome	ILLUMINA	25/01/2016 18:00	SF-1-RHIZO-SPR-mg_16S	SRP068631	2089	17	204.5	136.5	68	Sandy loam	6.25	0.71	12.65	4.53	251.7	na
SRR3108969	AMPLICON	502	51301890	PRJNA308956	SAMN04418127	"MIMARKS.survey,MIGS/MIMS/MIMARKS.plant-associated"	27551790	USDA-ARS	12/10/2012	public	"fastq,sra"	"ncbi,gs,s3"	"ncbi.public,gs.US,s3.us-east-1"	desert	Rhizosphere	Soil	SRX1537279	Mexico	North America	Mexico: El Jaral	Myrtillocactus geometrizans	Cactaceae	Caryophyllales	Perennial	Illumina MiSeq	Xerophyte Rhizosphere	21.40 N 101.02 W	28921	PAIRED	PCR	v4	METAGENOMIC	SF-1-RHIZO-SUM-mg_16S_1	rhizosphere metagenome	ILLUMINA	25/01/2016 18:00	SF-1-RHIZO-SUM-mg_16S	SRP068631	2089	17	204.5	136.5	68	Sandy loam	6.25	0.71	12.65	4.53	251.7	na
SRR3109009	AMPLICON	502	31172694	PRJNA308956	SAMN04418110	"MIMARKS.survey,MIGS/MIMS/MIMARKS.plant-associated"	16168969	USDA-ARS	30/05/2012	public	"fastq,sra"	"gs,ncbi,s3"	"ncbi.public,s3.us-east-1,gs.US"	desert	Soil	Soil	SRX1537319	Mexico	North America	Mexico: El Jaral	Myrtillocactus geometrizans	Cactaceae	Caryophyllales	Perennial	Illumina MiSeq	Bulk Soil sample	21.40 N 101.02 W	28789	PAIRED	PCR	v4	METAGENOMIC	SF-1-BSC-SPR-mg_16S_1	rhizosphere metagenome	ILLUMINA	25/01/2016 18:00	SF-1-BSC-SPR-mg_16S	SRP068631	2089	17	204.5	136.5	68	Sandy loam	6.25	0.71	12.65	4.53	251.7	na
SRR3109040	AMPLICON	502	36387972	PRJNA308956	SAMN04418113	"MIMARKS.survey,MIGS/MIMS/MIMARKS.plant-associated"	19020252	USDA-ARS	12/10/2012	public	"fastq,sra"	"s3,ncbi,gs"	"gs.US,ncbi.public,s3.us-east-1"	desert	Soil	Soil	SRX1537350	Mexico	North America	Mexico: El Jaral	Myrtillocactus geometrizans	Cactaceae	Caryophyllales	Perennial	Illumina MiSeq	Root Zone Soil sample	21.40 N 101.02 W	28812	PAIRED	PCR	v4	METAGENOMIC	SF-1-RZ-SUM-mg_16S_1	rhizosphere metagenome	ILLUMINA	25/01/2016 18:00	SF-1-RZ-SUM-mg_16S	SRP068631	2089	17	204.5	136.5	68	Sandy loam	6.25	0.71	12.65	4.53	251.7	na
SRR8365852	OTHER	574	67734454	PRJNA511384	SAMN10639371	"MIMS.me,MIGS/MIMS/MIMARKS.plant-associated"	38864986	CENTRE OF BIOTECHNOLOGY OF BORJ CEDRIA (TUNISIA)	01/04/2015	public	"fastq,sra"	"s3,gs,ncbi"	"ncbi.public,s3.us-east-1,gs.US"	agricultural field	Rhizosphere	Soil	SRX5176212	Tunisia	Afroeurasia	Tunisia:Kasserin	Opuntia ficus-indica	Cactaceae	Caryophyllales	Perennial	Illumina MiSeq	Root of Opuntia ficus indica 7	35.22 N 8.46 E	R7_S76_Upper_Arid_KS_4_Root_Spineless	PAIRED	PCR	v3/v4	METAGENOMIC	biological replicate 4	plant metagenome	ILLUMINA	09/06/2020 19:00	R7_S76_Upper_Arid_KS_4_Root_Spineless	SRP174342	1130	14.55417	391	126	60	na	6.42	0.74	0.88	1	51.84	4.45
SRR8365845	OTHER	596	35839412	PRJNA511384	SAMN10639353	"MIMS.me,MIGS/MIMS/MIMARKS.plant-associated"	20676219	CENTRE OF BIOTECHNOLOGY OF BORJ CEDRIA (TUNISIA)	01/04/2015	public	"fastq,sra"	"gs,ncbi,s3"	"ncbi.public,s3.us-east-1,gs.US"	agricultural field	Soil	Soil	SRX5176218	Tunisia	Afroeurasia	Tunisia:Kasserin	Opuntia ficus-indica	Cactaceae	Caryophyllales	Perennial	Illumina MiSeq	rhizosphere-soil of Opuntia ficus indica 7	35.22 N 8.46 E	MG7_S7_Upper_Arid_KS_4_Soil_Spineless	PAIRED	PCR	v3/v4	METAGENOMIC	biological replicate 4	plant metagenome	ILLUMINA	09/06/2020 19:00	MG7_S7_Upper_Arid_KS_4_Soil_Spineless	SRP174342	1130	14.55417	391	126	60	na	6.42	0.74	0.88	1	51.84	4.45
SRR8365846	OTHER	598	35759748	PRJNA511384	SAMN10639352	"MIMS.me,MIGS/MIMS/MIMARKS.plant-associated"	20769558	CENTRE OF BIOTECHNOLOGY OF BORJ CEDRIA (TUNISIA)	01/04/2015	public	"sra,fastq"	"gs,ncbi,s3"	"ncbi.public,gs.US,s3.us-east-1"	agricultural field	Soil	Soil	SRX5176217	Tunisia	Afroeurasia	Tunisia:Kasserin	Opuntia ficus-indica	Cactaceae	Caryophyllales	Perennial	Illumina MiSeq	rhizosphere-soil of Opuntia ficus indica 6	35.22 N 8.46 E	MG6_S6_Upper_Arid_KS_3_Soil_Spineless	PAIRED	PCR	v3/v4	METAGENOMIC	biological replicate 3	plant metagenome	ILLUMINA	09/06/2020 19:00	MG6_S6_Upper_Arid_KS_3_Soil_Spineless	SRP174342	1130	14.55417	391	126	60	na	6.46	1.39	0.72	1.1	79.09	5.9
SRR8365844	OTHER	599	23319680	PRJNA511384	SAMN10639354	"MIMS.me,MIGS/MIMS/MIMARKS.plant-associated"	14346479	CENTRE OF BIOTECHNOLOGY OF BORJ CEDRIA (TUNISIA)	01/04/2015	public	"fastq,sra"	"gs,ncbi,s3"	"ncbi.public,s3.us-east-1,gs.US"	agricultural field	Soil	Soil	SRX5176219	Tunisia	Afroeurasia	Tunisia:Kasserin	Opuntia ficus-indica	Cactaceae	Caryophyllales	Perennial	Illumina MiSeq	rhizosphere-soil of Opuntia ficus indica 8	35.22 N 8.46 E	MG8_S8_Upper_Arid_KS_5_Soil_Spineless	PAIRED	PCR	v3/v4	METAGENOMIC	biological replicate 5	plant metagenome	ILLUMINA	09/06/2020 19:00	MG8_S8_Upper_Arid_KS_5_Soil_Spineless	SRP174342	1130	14.55417	391	126	60	na	6.46	1.39	0.72	1.1	79.09	5.9
SRR8365855	OTHER	553	61925671	PRJNA511384	SAMN10639367	"MIMS.me,MIGS/MIMS/MIMARKS.plant-associated"	35895190	CENTRE OF BIOTECHNOLOGY OF BORJ CEDRIA (TUNISIA)	01/04/2015	public	"fastq,sra"	"ncbi,gs,s3"	"ncbi.public,s3.us-east-1,gs.US"	agricultural field	Rhizosphere	Soil	SRX5176208	Tunisia	Afroeurasia	Tunisia:Kairouan	Opuntia ficus-indica	Cactaceae	Caryophyllales	Perennial	Illumina MiSeq	Root of Opuntia ficus indica 3	35.4 N 10 E	R3_S73_Upper_Arid_KA_3_Root_Spineless	PAIRED	PCR	v3/v4	METAGENOMIC	biological replicate 3	plant metagenome	ILLUMINA	09/06/2020 19:00	R3_S73_Upper_Arid_KA_3_Root_Spineless	SRP174342	123	19.67083	268	100	22	na	6.61	0.47	0.52	3.48	88.29	1.75
SRR8365841	OTHER	597	39432110	PRJNA511384	SAMN10639349	"MIMS.me,MIGS/MIMS/MIMARKS.plant-associated"	22824174	CENTRE OF BIOTECHNOLOGY OF BORJ CEDRIA (TUNISIA)	01/04/2015	public	"fastq,sra"	"gs,s3,ncbi"	"ncbi.public,s3.us-east-1,gs.US"	agricultural field	Soil	Soil	SRX5176222	Tunisia	Afroeurasia	Tunisia:Kairouan	Opuntia ficus-indica	Cactaceae	Caryophyllales	Perennial	Illumina MiSeq	rhizosphere-soil of Opuntia ficus indica 3	35.4 N 10 E	MG3_S3_Upper_Arid_KA_3_Soil_Spineless	PAIRED	PCR	v3/v4	METAGENOMIC	biological replicate 3	plant metagenome	ILLUMINA	09/06/2020 19:00	MG3_S3_Upper_Arid_KA_3_Soil_Spineless	SRP174342	123	19.67083	268	100	22	na	6.61	0.47	0.52	3.48	88.29	1.75
SRR8365816	OTHER	590	56918769	PRJNA511384	SAMN10639366	"MIMS.me,MIGS/MIMS/MIMARKS.plant-associated"	33029342	CENTRE OF BIOTECHNOLOGY OF BORJ CEDRIA (TUNISIA)	01/04/2015	public	"fastq,sra"	"ncbi,s3,gs"	"s3.us-east-1,ncbi.public,gs.US"	agricultural field	Rhizosphere	Soil	SRX5176247	Tunisia	Afroeurasia	Tunisia:Kairouan	Opuntia ficus-indica	Cactaceae	Caryophyllales	Perennial	Illumina MiSeq	Root of Opuntia ficus indica 2	35.39 N 9.28 E	R2_S72_Upper_Arid_KA_2_Root_Spineless	PAIRED	PCR	v3/v4	METAGENOMIC	biological replicate 2	plant metagenome	ILLUMINA	09/06/2020 19:00	R2_S72_Upper_Arid_KA_2_Root_Spineless	SRP174342	593	18.28333	314	96	38	na	6.65	1.34	0.56	13.33	98.48	7.7
SRR8365842	OTHER	599	25397686	PRJNA511384	SAMN10639348	"MIMS.me,MIGS/MIMS/MIMARKS.plant-associated"	14830735	CENTRE OF BIOTECHNOLOGY OF BORJ CEDRIA (TUNISIA)	01/04/2015	public	"fastq,sra"	"ncbi,s3,gs"	"s3.us-east-1,ncbi.public,gs.US"	agricultural field	Soil	Soil	SRX5176221	Tunisia	Afroeurasia	Tunisia:Kairouan	Opuntia ficus-indica	Cactaceae	Caryophyllales	Perennial	Illumina MiSeq	rhizosphere-soil of Opuntia ficus indica 2	35.39 N 9.28 E	MG2_S2_Upper_Arid_KA_2_Soil_Spineless	PAIRED	PCR	v3/v4	METAGENOMIC	biological replicate 2	plant metagenome	ILLUMINA	09/06/2020 19:00	MG2_S2_Upper_Arid_KA_2_Soil_Spineless	SRP174342	593	18.28333	314	96	38	na	6.65	1.34	0.56	13.33	98.48	7.7
SRR8365817	OTHER	595	79271054	PRJNA511384	SAMN10639365	"MIMS.me,MIGS/MIMS/MIMARKS.plant-associated"	46637834	CENTRE OF BIOTECHNOLOGY OF BORJ CEDRIA (TUNISIA)	01/04/2015	public	"sra,fastq"	"gs,ncbi,s3"	"ncbi.public,s3.us-east-1,gs.US"	agricultural field	Rhizosphere	Soil	SRX5176246	Tunisia	Afroeurasia	Tunisia:Kairouan	Opuntia ficus-indica	Cactaceae	Caryophyllales	Perennial	Illumina MiSeq	Root of Opuntia ficus indica 1	35.38 N 9.3 E	R1_S71_Upper_Arid_KA_1_Root_Spineless	PAIRED	PCR	v3/v4	METAGENOMIC	biological replicate 1	plant metagenome	ILLUMINA	09/06/2020 19:00	R1_S71_Upper_Arid_KA_1_Root_Spineless	SRP174342	513	18.7625	300	90	36	na	6.68	0.52	0.46	1.3	88.29	2.35
SRR8365843	OTHER	598	36212634	PRJNA511384	SAMN10639347	"MIMS.me,MIGS/MIMS/MIMARKS.plant-associated"	21150711	CENTRE OF BIOTECHNOLOGY OF BORJ CEDRIA (TUNISIA)	01/04/2015	public	"fastq,sra"	"gs,ncbi,s3"	"s3.us-east-1,ncbi.public,gs.US"	agricultural field	Soil	Soil	SRX5176220	Tunisia	Afroeurasia	Tunisia:Kairouan	Opuntia ficus-indica	Cactaceae	Caryophyllales	Perennial	Illumina MiSeq	rhizosphere-soil of Opuntia ficus indica 1	35.38 N 9.3 E	MG1_S1_Upper_Arid_KA_1_Soil_Spineless	PAIRED	PCR	v3/v4	METAGENOMIC	biological replicate 1	plant metagenome	ILLUMINA	09/06/2020 19:00	MG1_S1_Upper_Arid_KA_1_Soil_Spineless	SRP174342	513	18.7625	300	90	36	na	6.68	0.52	0.46	1.3	88.29	2.35
SRR8365851	OTHER	491	23420084	PRJNA511384	SAMN10639373	"MIMS.me,MIGS/MIMS/MIMARKS.plant-associated"	13103063	CENTRE OF BIOTECHNOLOGY OF BORJ CEDRIA (TUNISIA)	01/04/2015	public	"sra,fastq"	"gs,ncbi,s3"	"ncbi.public,gs.US,s3.us-east-1"	agricultural field	Rhizosphere	Soil	SRX5176210	Tunisia	Afroeurasia	Tunisia:Kasserin	Opuntia ficus-indica	Cactaceae	Caryophyllales	Perennial	Illumina MiSeq	Root of Opuntia ficus indica 9	35.29 N 8.66 E	R9_S78_Upper_Arid_KS_6_Root_Spineless	PAIRED	PCR	v3/v4	METAGENOMIC	biological replicate 6	plant metagenome	ILLUMINA	09/06/2020 19:00	R9_S78_Upper_Arid_KS_6_Root_Spineless	SRP174342	692	17.11667	310	95	49	na	6.74	0.59	0.4	0.72	50.75	5
SRR8365839	OTHER	597	13260004	PRJNA511384	SAMN10639355	"MIMS.me,MIGS/MIMS/MIMARKS.plant-associated"	7562279	CENTRE OF BIOTECHNOLOGY OF BORJ CEDRIA (TUNISIA)	01/04/2015	public	"fastq,sra"	"ncbi,s3,gs"	"s3.us-east-1,ncbi.public,gs.US"	agricultural field	Soil	Soil	SRX5176224	Tunisia	Afroeurasia	Tunisia:Kasserin	Opuntia ficus-indica	Cactaceae	Caryophyllales	Perennial	Illumina MiSeq	rhizosphere-soil of Opuntia ficus indica 9	35.29 N 8.66 E	MG9_S9_Upper_Arid_KS_6_Soil_Spineless	PAIRED	PCR	v3/v4	METAGENOMIC	biological replicate 6	plant metagenome	ILLUMINA	09/06/2020 19:00	MG9_S9_Upper_Arid_KS_6_Soil_Spineless	SRP174342	692	17.11667	310	95	49	na	6.74	0.59	0.4	0.72	50.75	5
SRR8365834	OTHER	520	39429987	PRJNA511384	SAMN10639381	"MIMS.me,MIGS/MIMS/MIMARKS.plant-associated"	22353225	CENTRE OF BIOTECHNOLOGY OF BORJ CEDRIA (TUNISIA)	01/04/2015	public	"fastq,sra"	"gs,s3,ncbi"	"ncbi.public,s3.us-east-1,gs.US"	agricultural field	Rhizosphere	Soil	SRX5176229	Tunisia	Afroeurasia	Tunisia:Bou Argoub	Opuntia ficus-indica	Cactaceae	Caryophyllales	Perennial	Illumina MiSeq	Root of Opuntia ficus indica 17	36.50 N 10.41 E	R17_S84_Semi_Arid_BA_2_Root_Spineless	PAIRED	PCR	v3/v4	METAGENOMIC	biological replicate 2	plant metagenome	ILLUMINA	09/06/2020 19:00	R17_S84_Semi_Arid_BA_2_Root_Spineless	SRP174342	255	18.06667	512	200	29	na	6.85	0.26	0.7	5.14	103.63	0.95
SRR8365830	OTHER	598	30763558	PRJNA511384	SAMN10639363	"MIMS.me,MIGS/MIMS/MIMARKS.plant-associated"	17600383	CENTRE OF BIOTECHNOLOGY OF BORJ CEDRIA (TUNISIA)	01/04/2015	public	"sra,fastq"	"gs,ncbi,s3"	"ncbi.public,gs.US,s3.us-east-1"	agricultural field	Soil	Soil	SRX5176237	Tunisia	Afroeurasia	Tunisia:Bou Argoub	Opuntia ficus-indica	Cactaceae	Caryophyllales	Perennial	Illumina MiSeq	rhizosphere-soil of Opuntia ficus indica 17	36.50 N 10.41 E	MG18_S16_Semi_Arid_BA_3_Soil_Spineless	PAIRED	PCR	v3/v4	METAGENOMIC	biological replicate 2	plant metagenome	ILLUMINA	09/06/2020 19:00	MG18_S16_Semi_Arid_BA_3_Soil_Spineless	SRP174342	255	18.06667	512	200	29	na	6.85	0.26	0.7	5.14	103.63	0.95
SRR9588860	AMPLICON	301	54397924	PRJNA549143	SAMN12083859	Metagenome or environmental	35678629	FORMAN CHRISTIAN COLLEGE	01/12/2017	public	"fastq,sra"	"ncbi,gs,s3"	"ncbi.public,gs.US,s3.us-east-1"	desert	Rhizosphere	Soil	SRX6354682	Pakistan	Afroeurasia	Pakistan:Cholistan	Zygophyllum fabago	Amaranthaceae	Caryophyllales	Perennial	Illumina MiSeq	Xerophyte Rhizosphere	28.51 N 71.57 E	AV-RO	SINGLE	PCR	v3/v4	METAGENOMIC	AV-RO	rhizosphere metagenome	ILLUMINA	43639.79167	Zygophyllum fabago	SRP211821	113	26.74583	171	112	7	Sandy soil	7.02	16.31	9.56	7.05	0.47	4.14
SRR9588858	AMPLICON	301	43496306	PRJNA549143	SAMN12083857	Metagenome or environmental	27949595	FORMAN CHRISTIAN COLLEGE	01/12/2017	public	"sra,fastq"	"gs,ncbi,s3"	"ncbi.public,gs.US,s3.us-east-1"	desert	Rhizosphere	Soil	SRX6354684	Pakistan	Afroeurasia	Pakistan:Cholistan	Capparis decidua	Capparaceae	Brassicales	Deciduous	Illumina MiSeq	Xerophyte Rhizosphere	28.51 N 71.57 E	ZM-RO	SINGLE	PCR	v3/v4	METAGENOMIC	ZM-RO	rhizosphere metagenome	ILLUMINA	43639.79167	Opuntia humifusa2	SRP211821	113	26.74583	171	112	7	Sandy loam	7.11	18.35	13.25	6.11	0.61	4.21
SRR9588855	AMPLICON	301	43496306	PRJNA549143	SAMN12083854	Metagenome or environmental	22393960	FORMAN CHRISTIAN COLLEGE	01/12/2017	public	"fastq,sra"	"gs,ncbi,s3"	"ncbi.public,gs.US,s3.us-east-1"	desert	Soil	Soil	SRX6354687	Pakistan	Afroeurasia	Pakistan:Cholistan	Aerva javanica	Amaranthaceae	Caryophyllales	Perennial	Illumina MiSeq	Xerophyte Rhizosphere	28.52 N 71.57 E	HL-RS	SINGLE	PCR	v3/v4	METAGENOMIC	HL-RS	rhizosphere metagenome	ILLUMINA	43639.79167	Aerva javanica1	SRP211821	110	26.77083	171	112	7	Sandy soil	7.21	15.61	9.17	6.29	0.59	3.85
SRR9588861	AMPLICON	301	50248338	PRJNA549143	SAMN12083860	Metagenome or environmental	26243631	FORMAN CHRISTIAN COLLEGE	01/12/2017	public	"fastq,sra"	"gs,ncbi,s3"	"gs.US,s3.us-east-1,ncbi.public"	desert	Rhizosphere	Soil	SRX6354681	Pakistan	Afroeurasia	Pakistan:Cholistan	Haloxylon salicoricum	Amaranthaceae	Caryophyllales	Perennial	Illumina MiSeq	Xerophyte Rhizosphere	28.51 N 71.57 E	OP-RO	SINGLE	PCR	v3/v4	METAGENOMIC	OP-RO	rhizosphere metagenome	ILLUMINA	43639.79167	Haloxylon recurvum	SRP211821	113	26.74583	171	112	7	Sandy soil	7.26	12.55	10.13	7.66	0.51	4.77
SRR9588859	AMPLICON	301	54397924	PRJNA549143	SAMN12083858	Metagenome or environmental	28085590	FORMAN CHRISTIAN COLLEGE	01/12/2017	public	"fastq,sra"	"ncbi,gs,s3"	"ncbi.public,gs.US,s3.us-east-1"	desert	Rhizosphere	Soil	SRX6354683	Pakistan	Afroeurasia	Pakistan:Cholistan	Aerva javanica	Amaranthaceae	Caryophyllales	Perennial	Illumina MiSeq	Xerophyte Rhizosphere	28.52 N 71.57 E	AL-RO	SINGLE	PCR	v3/v4	METAGENOMIC	AL-RO	rhizosphere metagenome	ILLUMINA	43639.79167	Aerva javanica2	SRP211821	110	26.77083	171	112	7	Sandy loam	7.29	14.89	9.99	6.45	0.45	4.59
SRR8365833	OTHER	567	40182664	PRJNA511384	SAMN10639382	"MIMS.me,MIGS/MIMS/MIMARKS.plant-associated"	22934114	CENTRE OF BIOTECHNOLOGY OF BORJ CEDRIA (TUNISIA)	01/04/2015	public	"fastq,sra"	"ncbi,s3,gs"	"gs.US,s3.us-east-1,ncbi.public"	agricultural field	Rhizosphere	Soil	SRX5176230	Tunisia	Afroeurasia	Tunisia:Bou Argoub	Opuntia ficus-indica	Cactaceae	Caryophyllales	Perennial	Illumina MiSeq	Root of Opuntia ficus indica 18	36.50 N 10.43 E	R18_S85_Semi_Arid_BA_3_Root_Spineless	PAIRED	PCR	v3/v4	METAGENOMIC	biological replicate 3	plant metagenome	ILLUMINA	09/06/2020 19:00	R18_S85_Semi_Arid_BA_3_Root_Spineless	SRP174342	292	17.9875	518	204	29	na	7.36	0.99	0.545	13.92	94.91	4.87
SRR9588854	AMPLICON	301	50248338	PRJNA549143	SAMN12083853	Metagenome or environmental	33289733	FORMAN CHRISTIAN COLLEGE	01/12/2017	public	"fastq,sra"	"gs,s3,ncbi"	"ncbi.public,gs.US,s3.us-east-1"	desert	Soil	Soil	SRX6354688	Pakistan	Afroeurasia	Pakistan:Cholistan	Capparis decidua	Capparaceae	Brassicales	Deciduous	Illumina MiSeq	Xerophyte Rhizosphere	28.51 N 71.57 E	ZM-RS	SINGLE	PCR	v3/v4	METAGENOMIC	ZM-RS	rhizosphere metagenome	ILLUMINA	43639.79167	Opuntia humifusa1	SRP211821	113	26.74583	171	112	7	Sandy soil	7.51	17.37	12.97	6.14	0.65	4.17
SRR9588856	AMPLICON	301	57274280	PRJNA549143	SAMN12083855	Metagenome or environmental	29786714	FORMAN CHRISTIAN COLLEGE	01/12/2017	public	"fastq,sra"	"gs,ncbi,s3"	"ncbi.public,gs.US,s3.us-east-1"	desert	Soil	Soil	SRX6354686	Pakistan	Afroeurasia	Pakistan:Cholistan	Zygophyllum simplex	Amaranthaceae	Caryophyllales	Perennial	Illumina MiSeq	Xerophyte Rhizosphere	28.51 N 71.58 E	AV-RS	SINGLE	PCR	v3/v4	METAGENOMIC	AV-RS	rhizosphere metagenome	ILLUMINA	43639.79167	Zygophyllum simplex	SRP211821	109	26.7875	171	112	7	Sandy loam	7.53	15.53	10.09	6.97	0.44	4.75
SRR9660294	AMPLICON	498	33436047	PRJNA553550	SAMN12238116	Metagenome or environmental	18568141	BRIGHAM YOUNG UNIVERSITY	15/06/2017	public	"fastq,sra"	"ncbi,gs,s3"	"ncbi.public,s3.us-east-1,gs.US"	desert	Rhizosphere	Soil	SRX6421277	USA	North America	USA: Utah	Allenrolfea occidentalis	Amaranthaceae	Caryophyllales	Deciduous	Illumina HiSeq 2500	Xerophyte Rhizosphere	39.9517 N 111.9008 W	halomicrobiome 7	PAIRED	PCR	v3/v4	METAGENOMIC	halomicrobiome 7	rhizosphere metagenome	ILLUMINA	08/07/2019 19:00	Rhizosphere	SRP213895	1387	10.29167	302	92	60	Utah	7.56	na	na	na	na	16
SRR9660295	AMPLICON	498	41491864	PRJNA553550	SAMN12238115	Metagenome or environmental	23365131	BRIGHAM YOUNG UNIVERSITY	01/06/2017	public	"fastq,sra"	"gs,ncbi,s3"	"ncbi.public,gs.US,s3.us-east-1"	desert	Rhizosphere	Soil	SRX6421276	USA	North America	USA: Utah	Allenrolfea occidentalis	Amaranthaceae	Caryophyllales	Deciduous	Illumina HiSeq 2500	Xerophyte Rhizosphere	39.9517 N 111.9008 W	halomicrobiome 6	PAIRED	PCR	v3/v4	METAGENOMIC	halomicrobiome 6	rhizosphere metagenome	ILLUMINA	08/07/2019 19:00	Rhizosphere	SRP213895	1387	10.29167	302	92	60	Utah	7.56	na	na	na	na	16
SRR9660300	AMPLICON	498	48335267	PRJNA553550	SAMN12238110	Metagenome or environmental	27419926	BRIGHAM YOUNG UNIVERSITY	01/06/2017	public	"sra,fastq"	"gs,ncbi,s3"	"ncbi.public,s3.us-east-1,gs.US"	desert	Rhizosphere	Soil	SRX6421271	USA	North America	USA: Utah	Salicornia rubra	Amaranthaceae	Caryophyllales	Perennial	Illumina HiSeq 2500	Xerophyte Rhizosphere	39.9517 N 111.9008 W	halomicrobiome 1	PAIRED	PCR	v3/v4	METAGENOMIC	halomicrobiome 1	rhizosphere metagenome	ILLUMINA	08/07/2019 19:00	Rhizosphere	SRP213895	1387	10.29167	302	92	60	Utah	7.56	na	na	na	na	16
SRR8365867	OTHER	525	65066671	PRJNA511384	SAMN10639370	"MIMS.me,MIGS/MIMS/MIMARKS.plant-associated"	37392348	CENTRE OF BIOTECHNOLOGY OF BORJ CEDRIA (TUNISIA)	01/04/2015	public	"fastq,sra"	"s3,gs,ncbi"	"ncbi.public,s3.us-east-1,gs.US"	agricultural field	Rhizosphere	Soil	SRX5176205	Tunisia	Afroeurasia	Tunisia:Kasserin	Opuntia ficus-indica	Cactaceae	Caryophyllales	Perennial	Illumina MiSeq	Root of Opuntia ficus indica 6	35.22 N 8.46 E	R6_S75_Upper_Arid_KS_3_Root_Spineless	PAIRED	PCR	v3/v4	METAGENOMIC	biological replicate 3	plant metagenome	ILLUMINA	09/06/2020 19:00	R6_S75_Upper_Arid_KS_3_Root_Spineless	SRP174342	1130	14.55417	391	126	60	na	7.61	0.54	0.7	1.21	50.75	4.3
SRR8365850	OTHER	571	39718638	PRJNA511384	SAMN10639372	"MIMS.me,MIGS/MIMS/MIMARKS.plant-associated"	22781192	CENTRE OF BIOTECHNOLOGY OF BORJ CEDRIA (TUNISIA)	01/04/2015	public	"fastq,sra"	"s3,gs,ncbi"	"ncbi.public,s3.us-east-1,gs.US"	agricultural field	Rhizosphere	Soil	SRX5176211	Tunisia	Afroeurasia	Tunisia:Kasserin	Opuntia ficus-indica	Cactaceae	Caryophyllales	Perennial	Illumina MiSeq	Root of Opuntia ficus indica 8	35.22 N 8.46 E	R8_S77_Upper_Arid_KS_5_Root_Spineless	PAIRED	PCR	v3/v4	METAGENOMIC	biological replicate 5	plant metagenome	ILLUMINA	09/06/2020 19:00	R8_S77_Upper_Arid_KS_5_Root_Spineless	SRP174342	1130	14.55417	391	126	60	na	7.61	0.54	0.7	1.21	50.75	4.3
SRR9588857	AMPLICON	301	57274280	PRJNA549143	SAMN12083856	Metagenome or environmental	38108323	FORMAN CHRISTIAN COLLEGE	01/12/2017	public	"fastq,sra"	"ncbi,gs,s3"	"ncbi.public,gs.US,s3.us-east-1"	desert	Soil	Soil	SRX6354685	Pakistan	Afroeurasia	Pakistan:Cholistan	Haloxylon salicoricum	Amaranthaceae	Caryophyllales	Perennial	Illumina MiSeq	Xerophyte Rhizosphere	28.51 N 71.57 E	OP-RS	SINGLE	PCR	v3/v4	METAGENOMIC	OP-RS	rhizosphere metagenome	ILLUMINA	43639.79167	Haloxylon salicoricum	SRP211821	113	26.74583	171	112	7	Sandy loam	7.69	17.61	10.33	7.69	0.59	5.51
SRR8886543	OTHER	491	86205600	PRJNA532487	SAMN11401617	Metagenome or environmental	57420493	SHANDONG PEANUT RESEARCH INSTITUTE	30/10/2018	public	"sra,fastq"	"ncbi,s3,gs"	"gs.US,s3.us-east-1,ncbi.public"	Salt Mines	Rhizosphere	Soil	SRX5672281	China	Afroeurasia	China: Qingdao	Arachis hypogaea	Fabaceae	Fabales	Perennial	Illumina HiSeq 2500	"Rhizosphere soil samples were composite sample of root surface soil and soil around the roots. Briefly\, harvested roots were vigorously shaken to remove loose soil"	36.86 N 120.53 E	PDR2	PAIRED	PCR	v3/v4	METAGENOMIC	PDR2	rhizosphere metagenome	ILLUMINA	16/04/2019 19:00	PDR2	SRP192242	57	12.54583	737	454	35	na	7.7	13.23	1.7	11.7	103.2	na
SRR8886544	OTHER	491	85620236	PRJNA532487	SAMN11401621	Metagenome or environmental	57059124	SHANDONG PEANUT RESEARCH INSTITUTE	30/10/2018	public	"fastq,sra"	"gs,ncbi,s3"	"ncbi.public,gs.US,s3.us-east-1"	Salt Mines	Rhizosphere	Soil	SRX5672280	China	Afroeurasia	China: Qingdao	Arachis hypogaea	Fabaceae	Fabales	Perennial	Illumina HiSeq 2500	"Rhizosphere soil samples were composite sample of root surface soil and soil around the roots. Briefly\, harvested roots were vigorously shaken to remove loose soil"	36.86 N 120.53 E	PDR3	PAIRED	PCR	v3/v4	METAGENOMIC	PDR3	rhizosphere metagenome	ILLUMINA	16/04/2019 19:00	PDR3	SRP192242	57	12.54583	737	454	35	na	7.7	13.23	1.7	11.7	103.2	na
SRR8886545	OTHER	491	58505687	PRJNA532487	SAMN11401509	Metagenome or environmental	39103871	SHANDONG PEANUT RESEARCH INSTITUTE	30/10/2018	public	"fastq,sra"	"ncbi,s3,gs"	"gs.US,s3.us-east-1,ncbi.public"	Salt Mines	Rhizosphere	Soil	SRX5672279	China	Afroeurasia	China: Qingdao	Arachis hypogaea	Fabaceae	Fabales	Perennial	Illumina HiSeq 2500	"Rhizosphere soil samples were composite sample of root surface soil and soil around the roots. Briefly\, harvested roots were vigorously shaken to remove loose soil"	36.86 N 120.53 E	FDR1	PAIRED	PCR	v3/v4	METAGENOMIC	FDR1	rhizosphere metagenome	ILLUMINA	16/04/2019 19:00	FDR1	SRP192242	57	12.54583	737	454	35	na	7.7	13.23	1.7	11.7	103.2	na
SRR8886546	OTHER	491	95448894	PRJNA532487	SAMN11401555	Metagenome or environmental	63624034	SHANDONG PEANUT RESEARCH INSTITUTE	30/10/2018	public	"fastq,sra"	"gs,s3,ncbi"	"ncbi.public,gs.US,s3.us-east-1"	Salt Mines	Rhizosphere	Soil	SRX5672278	China	Afroeurasia	China: Qingdao	Arachis hypogaea	Fabaceae	Fabales	Perennial	Illumina HiSeq 2500	"Rhizosphere soil samples were composite sample of root surface soil and soil around the roots. Briefly\, harvested roots were vigorously shaken to remove loose soil"	36.86 N 120.53 E	FDR2	PAIRED	PCR	v3/v4	METAGENOMIC	FDR2	rhizosphere metagenome	ILLUMINA	16/04/2019 19:00	FDR2	SRP192242	57	12.54583	737	454	35	na	7.7	13.23	1.7	11.7	103.2	na
SRR8886547	OTHER	491	80229900	PRJNA532487	SAMN11401067	Metagenome or environmental	53410338	SHANDONG PEANUT RESEARCH INSTITUTE	30/10/2018	public	"sra,fastq"	"gs,s3,ncbi"	"ncbi.public,gs.US,s3.us-east-1"	Salt Mines	Rhizosphere	Soil	SRX5672277	China	Afroeurasia	China: Qingdao	Arachis hypogaea	Fabaceae	Fabales	Perennial	Illumina HiSeq 2500	"Rhizosphere soil samples were composite sample of root surface soil and soil around the roots. Briefly\, harvested roots were vigorously shaken to remove loose soil"	36.86 N 120.53 E	SDR2	PAIRED	PCR	v3/v4	METAGENOMIC	SDR2	rhizosphere metagenome	ILLUMINA	16/04/2019 19:00	SDR2	SRP192242	57	12.54583	737	454	35	na	7.7	13.23	1.7	11.7	103.2	na
SRR8886548	OTHER	491	73794543	PRJNA532487	SAMN11401083	Metagenome or environmental	49185447	SHANDONG PEANUT RESEARCH INSTITUTE	30/10/2018	public	"sra,fastq"	"gs,ncbi,s3"	"ncbi.public,gs.US,s3.us-east-1"	Salt Mines	Rhizosphere	Soil	SRX5672276	China	Afroeurasia	China: Qingdao	Arachis hypogaea	Fabaceae	Fabales	Perennial	Illumina HiSeq 2500	"Rhizosphere soil samples were composite sample of root surface soil and soil around the roots. Briefly\, harvested roots were vigorously shaken to remove loose soil"	36.86 N 120.53 E	SDR3	PAIRED	PCR	v3/v4	METAGENOMIC	SDR3	rhizosphere metagenome	ILLUMINA	16/04/2019 19:00	SDR3	SRP192242	57	12.54583	737	454	35	na	7.7	13.23	1.7	11.7	103.2	na
SRR8886549	OTHER	491	81038254	PRJNA532487	SAMN11400798	Metagenome or environmental	53972424	SHANDONG PEANUT RESEARCH INSTITUTE	30/10/2018	public	"sra,fastq"	"gs,ncbi,s3"	"ncbi.public,gs.US,s3.us-east-1"	agricultural field	Rhizosphere	Soil	SRX5672275	China	Afroeurasia	China: Qingdao	Arachis hypogaea	Fabaceae	Fabales	Perennial	Illumina HiSeq 2500	"Rhizosphere soil samples were composite sample of root surface soil and soil around the roots. Briefly\, harvested roots were vigorously shaken to remove loose soil"	36.86 N 120.53 E	CR6	PAIRED	PCR	v3/v4	METAGENOMIC	CR6	rhizosphere metagenome	ILLUMINA	16/04/2019 19:00	CR6	SRP192242	57	12.54583	737	454	35	na	7.7	13.23	1.7	11.7	103.2	na
SRR8886550	OTHER	491	176931436	PRJNA532487	SAMN11400800	Metagenome or environmental	117925530	SHANDONG PEANUT RESEARCH INSTITUTE	30/10/2018	public	"sra,fastq"	"ncbi,gs,s3"	"ncbi.public,gs.US,s3.us-east-1"	Salt Mines	Rhizosphere	Soil	SRX5672274	China	Afroeurasia	China: Qingdao	Arachis hypogaea	Fabaceae	Fabales	Perennial	Illumina HiSeq 2500	"Rhizosphere soil samples were composite sample of root surface soil and soil around the roots. Briefly\, harvested roots were vigorously shaken to remove loose soil"	36.86 N 120.53 E	SDR1	PAIRED	PCR	v3/v4	METAGENOMIC	SDR1	rhizosphere metagenome	ILLUMINA	16/04/2019 19:00	SDR1	SRP192242	57	12.54583	737	454	35	na	7.7	13.23	1.7	11.7	103.2	na
SRR8886551	OTHER	491	71541680	PRJNA532487	SAMN11400795	Metagenome or environmental	47710386	SHANDONG PEANUT RESEARCH INSTITUTE	30/10/2018	public	"sra,fastq"	"s3,gs,ncbi"	"ncbi.public,gs.US,s3.us-east-1"	agricultural field	Rhizosphere	Soil	SRX5672273	China	Afroeurasia	China: Qingdao	Arachis hypogaea	Fabaceae	Fabales	Perennial	Illumina HiSeq 2500	"Rhizosphere soil samples were composite sample of root surface soil and soil around the roots. Briefly\, harvested roots were vigorously shaken to remove loose soil"	36.86 N 120.53 E	CR4	PAIRED	PCR	v3/v4	METAGENOMIC	CR4	rhizosphere metagenome	ILLUMINA	16/04/2019 19:00	CR4	SRP192242	57	12.54583	737	454	35	na	7.7	13.23	1.7	11.7	103.2	na
SRR8886552	OTHER	491	80183619	PRJNA532487	SAMN11400796	Metagenome or environmental	53431750	SHANDONG PEANUT RESEARCH INSTITUTE	30/10/2018	public	"fastq,sra"	"ncbi,gs,s3"	"ncbi.public,s3.us-east-1,gs.US"	agricultural field	Rhizosphere	Soil	SRX5672272	China	Afroeurasia	China: Qingdao	Arachis hypogaea	Fabaceae	Fabales	Perennial	Illumina HiSeq 2500	"Rhizosphere soil samples were composite sample of root surface soil and soil around the roots. Briefly\, harvested roots were vigorously shaken to remove loose soil"	36.86 N 120.53 E	CR5	PAIRED	PCR	v3/v4	METAGENOMIC	CR5	rhizosphere metagenome	ILLUMINA	16/04/2019 19:00	CR5	SRP192242	57	12.54583	737	454	35	na	7.7	13.23	1.7	11.7	103.2	na
SRR8886553	OTHER	491	73746824	PRJNA532487	SAMN11401557	Metagenome or environmental	49179432	SHANDONG PEANUT RESEARCH INSTITUTE	30/10/2018	public	"sra,fastq"	"ncbi,gs,s3"	"ncbi.public,gs.US,s3.us-east-1"	Salt Mines	Rhizosphere	Soil	SRX5672271	China	Afroeurasia	China: Qingdao	Arachis hypogaea	Fabaceae	Fabales	Perennial	Illumina HiSeq 2500	"Rhizosphere soil samples were composite sample of root surface soil and soil around the roots. Briefly\, harvested roots were vigorously shaken to remove loose soil"	36.86 N 120.53 E	FDR3	PAIRED	PCR	v3/v4	METAGENOMIC	FDR3	rhizosphere metagenome	ILLUMINA	16/04/2019 19:00	FDR3	SRP192242	57	12.54583	737	454	35	na	7.7	13.23	1.7	11.7	103.2	na
SRR8886554	OTHER	491	81709133	PRJNA532487	SAMN11401558	Metagenome or environmental	54420287	SHANDONG PEANUT RESEARCH INSTITUTE	30/10/2018	public	"sra,fastq"	"gs,ncbi,s3"	"ncbi.public,gs.US,s3.us-east-1"	Salt Mines	Rhizosphere	Soil	SRX5672270	China	Afroeurasia	China: Qingdao	Arachis hypogaea	Fabaceae	Fabales	Perennial	Illumina HiSeq 2500	"Rhizosphere soil samples were composite sample of root surface soil and soil around the roots. Briefly\, harvested roots were vigorously shaken to remove loose soil"	36.86 N 120.53 E	PDR1	PAIRED	PCR	v3/v4	METAGENOMIC	PDR1	rhizosphere metagenome	ILLUMINA	16/04/2019 19:00	PDR1	SRP192242	57	12.54583	737	454	35	na	7.7	13.23	1.7	11.7	103.2	na
SRR9660291	AMPLICON	498	27618663	PRJNA553550	SAMN12238119	Metagenome or environmental	15505197	BRIGHAM YOUNG UNIVERSITY	01/09/2017	public	"fastq,sra"	"ncbi,gs,s3"	"ncbi.public,s3.us-east-1,gs.US"	desert	Soil	Soil	SRX6421280	USA	North America	USA: Utah	Allenrolfea occidentalis	Amaranthaceae	Caryophyllales	Deciduous	Illumina HiSeq 2500	Soil samples	39.9517 N 111.9008 W	halomicrobiome 10	PAIRED	PCR	v3/v4	METAGENOMIC	halomicrobiome 10	rhizosphere metagenome	ILLUMINA	08/07/2019 19:00	Soil	SRP213895	1387	10.29167	302	92	60	Utah	7.7	na	na	na	na	100
SRR9660297	AMPLICON	498	49196378	PRJNA553550	SAMN12238113	Metagenome or environmental	27601431	BRIGHAM YOUNG UNIVERSITY	15/06/2017	public	"sra,fastq"	"ncbi,gs,s3"	"ncbi.public,s3.us-east-1,gs.US"	desert	Rhizosphere	Soil	SRX6421274	USA	North America	USA: Utah	Sarcocornia utahensis	Amaranthaceae	Caryophyllales	Deciduous	Illumina HiSeq 2500	Xerophyte Rhizosphere	39.9517 N 111.9008 W	halomicrobiome 4	PAIRED	PCR	v3/v4	METAGENOMIC	halomicrobiome 4	rhizosphere metagenome	ILLUMINA	08/07/2019 19:00	Rhizosphere	SRP213895	1387	10.29167	302	92	60	Utah	7.74	na	na	na	na	18
SRR9660298	AMPLICON	498	43073175	PRJNA553550	SAMN12238112	Metagenome or environmental	24179051	BRIGHAM YOUNG UNIVERSITY	01/06/2017	public	"sra,fastq"	"ncbi,gs,s3"	"ncbi.public,s3.us-east-1,gs.US"	desert	Rhizosphere	Soil	SRX6421273	USA	North America	USA: Utah	Sarcocornia utahensis	Amaranthaceae	Caryophyllales	Deciduous	Illumina HiSeq 2500	Xerophyte Rhizosphere	39.9517 N 111.9008 W	halomicrobiome 3	PAIRED	PCR	v3/v4	METAGENOMIC	halomicrobiome 3	rhizosphere metagenome	ILLUMINA	08/07/2019 19:00	Rhizosphere	SRP213895	1387	10.29167	302	92	60	Utah	7.74	na	na	na	na	18
SRR8365820	OTHER	544	23426708	PRJNA511384	SAMN10639359	"MIMS.me,MIGS/MIMS/MIMARKS.plant-associated"	13595002	CENTRE OF BIOTECHNOLOGY OF BORJ CEDRIA (TUNISIA)	01/04/2015	public	"fastq,sra"	"gs,ncbi,s3"	"s3.us-east-1,ncbi.public,gs.US"	agricultural field	Soil	Soil	SRX5176241	Tunisia	Afroeurasia	Tunisia:Gafsa	Opuntia ficus-indica	Cactaceae	Caryophyllales	Perennial	Illumina MiSeq	rhizosphere-soil of Opuntia ficus indica 13	34.15 N 9.17 E	MG13_S87_Lower_Arid_GF_1_Soil_Spineless	PAIRED	PCR	v3/v4	METAGENOMIC	biological replicate 1	plant metagenome	ILLUMINA	09/06/2020 19:00	MG13_S87_Lower_Arid_GF_1_Soil_Spineless	SRP174342	221	20.06667	145	53	8	na	7.77	4.7	0.46	18.39	274.63	11.5
SRR8365822	OTHER	599	39359363	PRJNA511384	SAMN10639360	"MIMS.me,MIGS/MIMS/MIMARKS.plant-associated"	22521132	CENTRE OF BIOTECHNOLOGY OF BORJ CEDRIA (TUNISIA)	01/04/2015	public	"fastq,sra"	"ncbi,s3,gs"	"s3.us-east-1,ncbi.public,gs.US"	agricultural field	Soil	Soil	SRX5176242	Tunisia	Afroeurasia	Tunisia:Gafsa	Opuntia ficus-indica	Cactaceae	Caryophyllales	Perennial	Illumina MiSeq	rhizosphere-soil of Opuntia ficus indica 14	34.15 N 9.17 E	MG14_S13_Lower_Arid_GF_2_Soil_Spineless	PAIRED	PCR	v3/v4	METAGENOMIC	biological replicate 2	plant metagenome	ILLUMINA	09/06/2020 19:00	MG14_S13_Lower_Arid_GF_2_Soil_Spineless	SRP174342	221	20.06667	145	53	8	na	7.77	4.7	0.46	18.39	274.63	11.5
SRR9660293	AMPLICON	498	34579438	PRJNA553550	SAMN12238117	Metagenome or environmental	19842585	BRIGHAM YOUNG UNIVERSITY	01/09/2017	public	"fastq,sra"	"ncbi,gs,s3"	"s3.us-east-1,gs.US,ncbi.public"	desert	Rhizosphere	Soil	SRX6421278	USA	North America	USA: Utah	Allenrolfea occidentalis	Amaranthaceae	Caryophyllales	Deciduous	Illumina HiSeq 2500	Xerophyte Rhizosphere	39.9517 N 111.9008 W	halomicrobiome 8	PAIRED	PCR	v3/v4	METAGENOMIC	halomicrobiome 8	rhizosphere metagenome	ILLUMINA	08/07/2019 19:00	Rhizosphere	SRP213895	1387	10.29167	302	92	60	Utah	7.8	na	na	na	na	70
SRR9660296	AMPLICON	498	33380084	PRJNA553550	SAMN12238114	Metagenome or environmental	18928612	BRIGHAM YOUNG UNIVERSITY	01/09/2017	public	"fastq,sra"	"gs,ncbi,s3"	"ncbi.public,gs.US,s3.us-east-1"	desert	Rhizosphere	Soil	SRX6421275	USA	North America	USA: Utah	Sarcocornia utahensis	Amaranthaceae	Caryophyllales	Deciduous	Illumina HiSeq 2500	Xerophyte Rhizosphere	39.9517 N 111.9008 W	halomicrobiome 5	PAIRED	PCR	v3/v4	METAGENOMIC	halomicrobiome 5	rhizosphere metagenome	ILLUMINA	08/07/2019 19:00	Rhizosphere	SRP213895	1387	10.29167	302	92	60	Utah	7.8	na	na	na	na	70
SRR9660299	AMPLICON	498	28114116	PRJNA553550	SAMN12238111	Metagenome or environmental	16084493	BRIGHAM YOUNG UNIVERSITY	01/09/2017	public	"fastq,sra"	"ncbi,gs,s3"	"s3.us-east-1,gs.US,ncbi.public"	desert	Rhizosphere	Soil	SRX6421272	USA	North America	USA: Utah	Salicornia rubra	Amaranthaceae	Caryophyllales	Perennial	Illumina HiSeq 2500	Xerophyte Rhizosphere	39.9517 N 111.9008 W	halomicrobiome 2	PAIRED	PCR	v3/v4	METAGENOMIC	halomicrobiome 2	rhizosphere metagenome	ILLUMINA	08/07/2019 19:00	Rhizosphere	SRP213895	1387	10.29167	302	92	60	Utah	7.8	na	na	na	na	70
SRR8365856	OTHER	595	10549370	PRJNA511384	SAMN10639369	"MIMS.me,MIGS/MIMS/MIMARKS.plant-associated"	6348081	CENTRE OF BIOTECHNOLOGY OF BORJ CEDRIA (TUNISIA)	01/04/2015	public	"sra,fastq"	"ncbi,gs,s3"	"ncbi.public,s3.us-east-1,gs.US"	agricultural field	Rhizosphere	Soil	SRX5176206	Tunisia	Afroeurasia	Tunisia:Kasserin	Opuntia ficus-indica	Cactaceae	Caryophyllales	Perennial	Illumina MiSeq	Root of Opuntia ficus indica 5	35.21 N 8.47 E	R5_S28_Upper_Arid_KS_2_Root_Spineless	PAIRED	PCR	v3/v4	METAGENOMIC	biological replicate 2	plant metagenome	ILLUMINA	09/06/2020 19:00	R5_S28_Upper_Arid_KS_2_Root_Spineless	SRP174342	1164	14.39583	391	126	60	na	7.82	1.69	1.56	1.14	79.09	13
SRR8365847	OTHER	598	28503185	PRJNA511384	SAMN10639351	"MIMS.me,MIGS/MIMS/MIMARKS.plant-associated"	16370489	CENTRE OF BIOTECHNOLOGY OF BORJ CEDRIA (TUNISIA)	01/04/2015	public	"fastq,sra"	"gs,ncbi,s3"	"s3.us-east-1,ncbi.public,gs.US"	agricultural field	Soil	Soil	SRX5176216	Tunisia	Afroeurasia	Tunisia:Kasserin	Opuntia ficus-indica	Cactaceae	Caryophyllales	Perennial	Illumina MiSeq	rhizosphere-soil of Opuntia ficus indica 5	35.21 N 8.47 E	MG5_S5_Upper_Arid_KS_2_Soil_Spineless	PAIRED	PCR	v3/v4	METAGENOMIC	biological replicate 2	plant metagenome	ILLUMINA	09/06/2020 19:00	MG5_S5_Upper_Arid_KS_2_Soil_Spineless	SRP174342	1164	14.39583	391	126	60	na	7.82	1.69	1.56	1.14	79.09	13
SRR8365826	OTHER	449	39148758	PRJNA511384	SAMN10639380	"MIMS.me,MIGS/MIMS/MIMARKS.plant-associated"	22103497	CENTRE OF BIOTECHNOLOGY OF BORJ CEDRIA (TUNISIA)	01/04/2015	public	"fastq,sra"	"gs,ncbi,s3"	"s3.us-east-1,ncbi.public,gs.US"	agricultural field	Rhizosphere	Soil	SRX5176236	Tunisia	Afroeurasia	Tunisia:Bou Argoub	Opuntia ficus-indica	Cactaceae	Caryophyllales	Perennial	Illumina MiSeq	Root of Opuntia ficus indica 16	36.50 N 10.52 E	R16_S83_Semi_Arid_BA_1_Root_Spineless	PAIRED	PCR	v3/v4	METAGENOMIC	biological replicate 1	plant metagenome	ILLUMINA	09/06/2020 19:00	R16_S83_Semi_Arid_BA_1_Root_Spineless	SRP174342	169	18.77917	483	192	24	na	7.88	1.72	0.39	22.7	86.19	8.8
SRR8365821	OTHER	599	37465479	PRJNA511384	SAMN10639362	"MIMS.me,MIGS/MIMS/MIMARKS.plant-associated"	21454634	CENTRE OF BIOTECHNOLOGY OF BORJ CEDRIA (TUNISIA)	01/04/2015	public	"fastq,sra"	"gs,ncbi,s3"	"ncbi.public,s3.us-east-1,gs.US"	agricultural field	Soil	Soil	SRX5176240	Tunisia	Afroeurasia	Tunisia:Bou Argoub	Opuntia ficus-indica	Cactaceae	Caryophyllales	Perennial	Illumina MiSeq	rhizosphere-soil of Opuntia ficus indica 16	36.50 N 10.52 E	MG17_S15_Semi_Arid_BA_2_Soil_Spineless	PAIRED	PCR	v3/v4	METAGENOMIC	biological replicate 1	plant metagenome	ILLUMINA	09/06/2020 19:00	MG17_S15_Semi_Arid_BA_2_Soil_Spineless	SRP174342	169	18.77917	483	192	24	na	7.88	1.72	0.39	22.7	86.19	8.8
SRR9660292	AMPLICON	498	38300335	PRJNA553550	SAMN12238118	Metagenome or environmental	21626982	BRIGHAM YOUNG UNIVERSITY	01/06/2017	public	"sra,fastq"	"gs,ncbi,s3"	"ncbi.public,gs.US,s3.us-east-1"	desert	Soil	Soil	SRX6421279	USA	North America	USA: Utah	Allenrolfea occidentalis	Amaranthaceae	Caryophyllales	Deciduous	Illumina HiSeq 2500	Soil samples	39.9517 N 111.9008 W	halomicrobiome 9	PAIRED	PCR	v3/v4	METAGENOMIC	halomicrobiome 9	rhizosphere metagenome	ILLUMINA	08/07/2019 19:00	Soil	SRP213895	1387	10.29167	302	92	60	Utah	7.98	na	na	na	na	45
SRR8365854	OTHER	574	33972832	PRJNA511384	SAMN10639374	"MIMS.me,MIGS/MIMS/MIMARKS.plant-associated"	19655356	CENTRE OF BIOTECHNOLOGY OF BORJ CEDRIA (TUNISIA)	01/04/2015	public	"fastq,sra"	"gs,ncbi,s3"	"s3.us-east-1,ncbi.public,gs.US"	agricultural field	Rhizosphere	Soil	SRX5176209	Tunisia	Afroeurasia	Tunisia:Sidi Bouzid	Opuntia ficus-indica	Cactaceae	Caryophyllales	Perennial	Illumina MiSeq	Root of Opuntia ficus indica 10	35.31 N 9.21 E	R10_S79_Upper_Arid_SB_1_Root_Spineless	PAIRED	PCR	v3/v4	METAGENOMIC	biological replicate 1	plant metagenome	ILLUMINA	09/06/2020 19:00	R10_S79_Upper_Arid_SB_1_Root_Spineless	SRP174342	564	18.40417	297	90	36	na	7.99	0.95	0.65	1.88	163.68	7.45
SRR8365838	OTHER	598	23932286	PRJNA511384	SAMN10639356	"MIMS.me,MIGS/MIMS/MIMARKS.plant-associated"	14090196	CENTRE OF BIOTECHNOLOGY OF BORJ CEDRIA (TUNISIA)	01/04/2015	public	"fastq,sra"	"gs,ncbi,s3"	"s3.us-east-1,ncbi.public,gs.US"	agricultural field	Soil	Soil	SRX5176225	Tunisia	Afroeurasia	Tunisia:Sidi Bouzid	Opuntia ficus-indica	Cactaceae	Caryophyllales	Perennial	Illumina MiSeq	rhizosphere-soil of Opuntia ficus indica 10	35.31 N 9.21 E	MG10_S10_Upper_Arid_SB_1_Soil_Spineless	PAIRED	PCR	v3/v4	METAGENOMIC	biological replicate 1	plant metagenome	ILLUMINA	09/06/2020 19:00	MG10_S10_Upper_Arid_SB_1_Soil_Spineless	SRP174342	564	18.40417	297	90	36	na	7.99	0.95	0.65	1.88	163.68	7.45
SRR8365849	OTHER	589	16153457	PRJNA511384	SAMN10639376	"MIMS.me,MIGS/MIMS/MIMARKS.plant-associated"	9595947	CENTRE OF BIOTECHNOLOGY OF BORJ CEDRIA (TUNISIA)	01/04/2015	public	"sra,fastq"	"gs,ncbi,s3"	"ncbi.public,gs.US,s3.us-east-1"	agricultural field	Rhizosphere	Soil	SRX5176213	Tunisia	Afroeurasia	Tunisia:Sidi Bouzid	Opuntia ficus-indica	Cactaceae	Caryophyllales	Perennial	Illumina MiSeq	Root of Opuntia ficus indica 12	35.31 N 9.27 E	R12_S29_Upper_Arid_SB_3_Root_Spineless	PAIRED	PCR	v3/v4	METAGENOMIC	biological replicate 3	plant metagenome	ILLUMINA	09/06/2020 19:00	R12_S29_Upper_Arid_SB_3_Root_Spineless	SRP174342	474	19.04583	289	87	35	na	8	1.44	0.46	0.92	170.45	20.55
SRR8365823	OTHER	599	61339006	PRJNA511384	SAMN10639358	"MIMS.me,MIGS/MIMS/MIMARKS.plant-associated"	35982472	CENTRE OF BIOTECHNOLOGY OF BORJ CEDRIA (TUNISIA)	01/04/2015	public	"fastq,sra"	"s3,ncbi,gs"	"s3.us-east-1,ncbi.public,gs.US"	agricultural field	Soil	Soil	SRX5176244	Tunisia	Afroeurasia	Tunisia:Sidi Bouzid	Opuntia ficus-indica	Cactaceae	Caryophyllales	Perennial	Illumina MiSeq	rhizosphere-soil of Opuntia ficus indica 12	35.31 N 9.27 E	MG12_S12_Upper_Arid_SB_3_Soil_Spineless	PAIRED	PCR	v3/v4	METAGENOMIC	biological replicate 3	plant metagenome	ILLUMINA	09/06/2020 19:00	MG12_S12_Upper_Arid_SB_3_Soil_Spineless	SRP174342	474	19.04583	289	87	35	na	8	1.44	0.46	0.92	170.45	20.55
SRR8365853	OTHER	558	56239707	PRJNA511384	SAMN10639375	"MIMS.me,MIGS/MIMS/MIMARKS.plant-associated"	32379065	CENTRE OF BIOTECHNOLOGY OF BORJ CEDRIA (TUNISIA)	01/04/2015	public	"fastq,sra"	"ncbi,s3,gs"	"s3.us-east-1,ncbi.public,gs.US"	agricultural field	Rhizosphere	Soil	SRX5176214	Tunisia	Afroeurasia	Tunisia:Sidi Bouzid	Opuntia ficus-indica	Cactaceae	Caryophyllales	Perennial	Illumina MiSeq	Root of Opuntia ficus indica 11	35.17 N 9.27 E	R11_S80_Upper_Arid_SB_2_Root_Spineless	PAIRED	PCR	v3/v4	METAGENOMIC	biological replicate 2	plant metagenome	ILLUMINA	09/06/2020 19:00	R11_S80_Upper_Arid_SB_2_Root_Spineless	SRP174342	400	19.49583	262	81	31	na	8.19	1.21	0.51	2.15	170.45	6.75
SRR8365819	OTHER	599	46938846	PRJNA511384	SAMN10639357	"MIMS.me,MIGS/MIMS/MIMARKS.plant-associated"	27673002	CENTRE OF BIOTECHNOLOGY OF BORJ CEDRIA (TUNISIA)	01/04/2015	public	"fastq,sra"	"s3,gs,ncbi"	"s3.us-east-1,ncbi.public,gs.US"	agricultural field	Soil	Soil	SRX5176243	Tunisia	Afroeurasia	Tunisia:Sidi Bouzid	Opuntia ficus-indica	Cactaceae	Caryophyllales	Perennial	Illumina MiSeq	rhizosphere-soil of Opuntia ficus indica 11	35.17 N 9.27 E	MG11_S11_Upper_Arid_SB_2_Soil_Spineless	PAIRED	PCR	v3/v4	METAGENOMIC	biological replicate 2	plant metagenome	ILLUMINA	09/06/2020 19:00	MG11_S11_Upper_Arid_SB_2_Soil_Spineless	SRP174342	400	19.49583	262	81	31	na	8.19	1.21	0.51	2.15	170.45	6.75
SRR8365828	OTHER	339	55297146	PRJNA511384	SAMN10639377	"MIMS.me,MIGS/MIMS/MIMARKS.plant-associated"	31653524	CENTRE OF BIOTECHNOLOGY OF BORJ CEDRIA (TUNISIA)	01/04/2015	public	"sra,fastq"	"gs,ncbi,s3"	"ncbi.public,gs.US,s3.us-east-1"	agricultural field	Rhizosphere	Soil	SRX5176233	Tunisia	Afroeurasia	Tunisia:Gafsa	Opuntia ficus-indica	Cactaceae	Caryophyllales	Perennial	Illumina MiSeq	Root of Opuntia ficus indica 13	34.15 N 9.17 E	R13_S81_Lower_Arid_GF_1_Root_Spineless	PAIRED	PCR	v3/v4	METAGENOMIC	biological replicate 1	plant metagenome	ILLUMINA	09/06/2020 19:00	R13_S81_Lower_Arid_GF_1_Root_Spineless	SRP174342	221	20.06667	145	53	8	na	8.22	2.224	0.61	3.16	131.03	8
SRR8365827	OTHER	341	23002670	PRJNA511384	SAMN10639378	"MIMS.me,MIGS/MIMS/MIMARKS.plant-associated"	13235579	CENTRE OF BIOTECHNOLOGY OF BORJ CEDRIA (TUNISIA)	01/04/2015	public	"sra,fastq"	"gs,ncbi,s3"	"ncbi.public,gs.US,s3.us-east-1"	agricultural field	Rhizosphere	Soil	SRX5176234	Tunisia	Afroeurasia	Tunisia:Gafsa	Opuntia ficus-indica	Cactaceae	Caryophyllales	Perennial	Illumina MiSeq	Root of Opuntia ficus indica 14	34.15 N 9.17 E	R14_S82_Lower_Arid_GF_2_Root_Spineless	PAIRED	PCR	v3/v4	METAGENOMIC	biological replicate 2	plant metagenome	ILLUMINA	09/06/2020 19:00	R14_S82_Lower_Arid_GF_2_Root_Spineless	SRP174342	221	20.06667	145	53	8	na	8.22	2.224	0.61	3.16	131.03	8
SRR8365824	OTHER	585	24437540	PRJNA511384	SAMN10639361	"MIMS.me,MIGS/MIMS/MIMARKS.plant-associated"	14063668	CENTRE OF BIOTECHNOLOGY OF BORJ CEDRIA (TUNISIA)	01/04/2015	public	"fastq,sra"	"gs,ncbi,s3"	"ncbi.public,s3.us-east-1,gs.US"	agricultural field	Soil	Soil	SRX5176239	Tunisia	Afroeurasia	Tunisia:Gafsa	Opuntia ficus-indica	Cactaceae	Caryophyllales	Perennial	Illumina MiSeq	rhizosphere-soil of Opuntia ficus indica 15	35.55 N 10.17 E	MG15_S14_Lower_Arid_GF_3_Soil_Spineless	PAIRED	PCR	v3/v4	METAGENOMIC	biological replicate 3	plant metagenome	ILLUMINA	09/06/2020 19:00	MG15_S14_Lower_Arid_GF_3_Soil_Spineless	SRP174342	77	19.57083	290	111	23	na	8.34	1.96	0.57	6.64	131.03	7.75
SRR8365829	OTHER	594	16528372	PRJNA511384	SAMN10639379	"MIMS.me,MIGS/MIMS/MIMARKS.plant-associated"	9899862	CENTRE OF BIOTECHNOLOGY OF BORJ CEDRIA (TUNISIA)	01/04/2015	public	"fastq,sra"	"s3,gs,ncbi"	"ncbi.public,s3.us-east-1,gs.US"	agricultural field	Rhizosphere	Soil	SRX5176235	Tunisia	Afroeurasia	Tunisia:Gafsa	Opuntia ficus-indica	Cactaceae	Caryophyllales	Perennial	Illumina MiSeq	Root of Opuntia ficus indica 15	35.55 N 10.17 E	R15_S30_Lower_Arid_GF_3_Root_Spineless	PAIRED	PCR	v3/v4	METAGENOMIC	biological replicate 3	plant metagenome	ILLUMINA	09/06/2020 19:00	R15_S30_Lower_Arid_GF_3_Root_Spineless	SRP174342	77	19.57083	290	111	23	na	8.34	1.96	0.57	6.64	131.03	7.75
SRR14654873	AMPLICON	462	429377	PRJNA309754	SAMN04419095	"MIMS.me,MIGS/MIMS/MIMARKS.plant-associated"	1016225	FORMAN CHRISTIAN COLLEGE	23/01/2015	public	"sff,sra"	"gs,ncbi,s3"	"gs.US,ncbi.public,s3.us-east-1"	Salt Mines	Rhizosphere	soil	SRX10993370	Pakistan	Afroeurasia	Pakistan: Khewran	Atriplex amnicola	Amaranthaceae	Caryophyllales	Perennial	454 GS FLX Titanium	Highly saline soil	73.06 N 32.34 E	soil microbiome13	SINGLE	PCR	v3/v4	METAGENOMIC	Atriplex amnicola1	rhizosphere metagenome	LS454	44342.79167	Atriplex amnicola1	SRP321293	201	23.375	427	260	21	Sandy loam	8.25	33.39	12.87	3.29	0.55	4.85
SRR14654872	AMPLICON	464	642227	PRJNA309754	SAMN04419096	"MIMS.me,MIGS/MIMS/MIMARKS.plant-associated"	1497381	FORMAN CHRISTIAN COLLEGE	23/01/2015	public	"sff,sra"	"gs,ncbi,s3"	"gs.US,ncbi.public,s3.us-east-1"	Salt Mines	Rhizosphere	soil	SRX10993371	Pakistan	Afroeurasia	Pakistan: Khewran	Atriplex amnicola	Amaranthaceae	Caryophyllales	Perennial	454 GS FLX Titanium	Highly saline soil	73.03 N 32.39 E	soil microbiome14	SINGLE	PCR	v3/v4	METAGENOMIC	Atriplex amnicola2	rhizosphere metagenome	LS454	44342.79167	Atriplex amnicola2	SRP321293	201	23.35833	426	259	21	Sandy loam	8.25	33.39	12.87	3.29	0.55	4.85
SRR14654871	AMPLICON	464	691397	PRJNA309754	SAMN04419097	"MIMS.me,MIGS/MIMS/MIMARKS.plant-associated"	1604248	FORMAN CHRISTIAN COLLEGE	23/01/2015	public	"sff,sra"	"gs,ncbi,s3"	"gs.US,ncbi.public,s3.us-east-1"	Salt Mines	Rhizosphere	soil	SRX10993372	Pakistan	Afroeurasia	Pakistan: Khewran	Atriplex amnicola	Amaranthaceae	Caryophyllales	Perennial	454 GS FLX Titanium	Highly saline soil	73.04 N 32.36 E	soil microbiome15	SINGLE	PCR	v3/v4	METAGENOMIC	Atriplex amnicola3	rhizosphere metagenome	LS454	44342.79167	Atriplex amnicola3	SRP321293	201	23.38333	425	258	21	Sandy loam	8.25	33.39	12.87	3.29	0.55	4.85
SRR14654870	AMPLICON	463	612605	PRJNA309754	SAMN04419098	"MIMS.me,MIGS/MIMS/MIMARKS.plant-associated"	1433939	FORMAN CHRISTIAN COLLEGE	23/01/2015	public	"sff,sra"	"gs,ncbi,s3"	"gs.US,ncbi.public,s3.us-east-1"	Salt Mines	Rhizosphere	soil	SRX10993373	Pakistan	Afroeurasia	Pakistan: Khewran	Atriplex amnicola	Amaranthaceae	Caryophyllales	Perennial	454 GS FLX Titanium	Highly saline soil	73.00 N 32.41 E	soil microbiome16	SINGLE	PCR	v3/v4	METAGENOMIC	Atriplex amnicola4	rhizosphere metagenome	LS454	44342.79167	Atriplex amnicola4	SRP321293	199	23.375	425	257	21	Sandy loam	8.25	33.39	12.87	3.29	0.55	4.85
SRR14654858	AMPLICON	463	596517	PRJNA309754	SAMN04419087	"MIMS.me,MIGS/MIMS/MIMARKS.plant-associated"	1400008	FORMAN CHRISTIAN COLLEGE	12/11/2014	public	"sff,sra"	"gs,ncbi,s3"	"gs.US,ncbi.public,s3.us-east-1"	agricultural field	Rhizosphere	soil	SRX10993385	Pakistan	Afroeurasia	Pakistan: Khewran	Kochia indica	Chenopodiaceae	Caryophyllales	Perennial	454 GS FLX Titanium	Moderately saline soil	73.08 N 31.38 E	soil microbiome5	SINGLE	PCR	v3/v4	METAGENOMIC	Kochia indica1	rhizosphere metagenome	LS454	44342.79167	Kochia indica1	SRP321293	185	23.8875	360	235	16	Silty loam	8.16	32.95	13.12	2.56	0.45	3.57
SRR14654857	AMPLICON	450	833080	PRJNA309754	SAMN04419088	"MIMS.me,MIGS/MIMS/MIMARKS.plant-associated"	1959216	FORMAN CHRISTIAN COLLEGE	12/11/2014	public	"sff,sra"	"gs,ncbi,s3"	"gs.US,ncbi.public,s3.us-east-1"	agricultural field	Rhizosphere	soil	SRX10993386	Pakistan	Afroeurasia	Pakistan: Khewran	Kochia indica	Chenopodiaceae	Caryophyllales	Perennial	454 GS FLX Titanium	Moderately saline soil	73.03 N 31.47 E	soil microbiome6	SINGLE	PCR	v3/v4	METAGENOMIC	Kochia indica2	rhizosphere metagenome	LS454	44342.79167	Kochia indica2	SRP321293	181	23.79583	360	232	17	Silty loam	8.16	32.95	13.12	2.56	0.45	3.57
SRR14654856	AMPLICON	461	998956	PRJNA309754	SAMN04419089	"MIMS.me,MIGS/MIMS/MIMARKS.plant-associated"	2316000	FORMAN CHRISTIAN COLLEGE	12/11/2014	public	"sff,sra"	"gs,ncbi,s3"	"gs.US,ncbi.public,s3.us-east-1"	agricultural field	Rhizosphere	soil	SRX10993387	Pakistan	Afroeurasia	Pakistan: Khewran	Kochia indica	Chenopodiaceae	Caryophyllales	Perennial	454 GS FLX Titanium	Moderately saline soil	73.02 N 31.43 E	soil microbiome7	SINGLE	PCR	v3/v4	METAGENOMIC	Kochia indica3	rhizosphere metagenome	LS454	44342.79167	Kochia indica3	SRP321293	180	23.99583	359	232	16	Silty loam	8.16	32.95	13.12	2.56	0.45	3.57
SRR14654855	AMPLICON	457	617343	PRJNA309754	SAMN04419090	"MIMS.me,MIGS/MIMS/MIMARKS.plant-associated"	1451627	FORMAN CHRISTIAN COLLEGE	12/11/2014	public	"sra,sff"	"gs,ncbi,s3"	"gs.US,ncbi.public,s3.us-east-1"	agricultural field	Rhizosphere	soil	SRX10993388	Pakistan	Afroeurasia	Pakistan: Khewran	Kochia indica	Chenopodiaceae	Caryophyllales	Perennial	454 GS FLX Titanium	Moderately saline soil	73.07 N 31.49 E	soil microbiome8	SINGLE	PCR	v3/v4	METAGENOMIC	Kochia indica4	rhizosphere metagenome	LS454	44342.79167	Kochia indica4	SRP321293	185	23.86667	366	235	18	Silty loam	8.16	32.95	13.12	2.56	0.45	3.57
SRR14654869	AMPLICON	463	666445	PRJNA309754	SAMN04419099	"MIMS.me,MIGS/MIMS/MIMARKS.plant-associated"	1545583	FORMAN CHRISTIAN COLLEGE	23/01/2015	public	"sff,sra"	"gs,ncbi,s3"	"gs.US,ncbi.public,s3.us-east-1"	Salt Mines	Soil	soil	SRX10993374	Pakistan	Afroeurasia	Pakistan: Khewran	Salsola stocksii	Amaranthaceae	Caryophyllales	Deciduous	454 GS FLX Titanium	Highly saline soil	73.05 N 32.34 E	soil microbiome17	SINGLE	PCR	v3/v4	METAGENOMIC	Non-rhizospheric soil sample1	soil metagenome	LS454	44342.79167	Non-rhizospheric soil sample1	SRP321293	201	23.38333	424	258	21	Sandy loam	8.22	30.54	11.15	2.3	0.48	5.03
SRR14654868	AMPLICON	464	720178	PRJNA309754	SAMN04419100	"MIMS.me,MIGS/MIMS/MIMARKS.plant-associated"	1671605	FORMAN CHRISTIAN COLLEGE	23/01/2015	public	"sff,sra"	"gs,ncbi,s3"	"gs.US,ncbi.public,s3.us-east-1"	Salt Mines	Soil	soil	SRX10993375	Pakistan	Afroeurasia	Pakistan: Khewran	Salsola stocksii	Amaranthaceae	Caryophyllales	Deciduous	454 GS FLX Titanium	Highly saline soil	73.07 N 32.31 E	soil microbiome18	SINGLE	PCR	v3/v4	METAGENOMIC	Non-rhizospheric soil sample2	soil metagenome	LS454	44342.79167	Non-rhizospheric soil sample2	SRP321293	200	23.37917	425	260	21	Sandy loam	8.22	30.54	11.15	2.3	0.48	5.03
SRR14654867	AMPLICON	463	653071	PRJNA309754	SAMN04419101	"MIMS.me,MIGS/MIMS/MIMARKS.plant-associated"	1519966	FORMAN CHRISTIAN COLLEGE	23/01/2015	public	"sff,sra"	"gs,ncbi,s3"	"gs.US,ncbi.public,s3.us-east-1"	Salt Mines	Soil	soil	SRX10993376	Pakistan	Afroeurasia	Pakistan: Khewran	Salsola stocksii	Amaranthaceae	Caryophyllales	Deciduous	454 GS FLX Titanium	Highly saline soil	73.05 N 32.36 E	soil microbiome19	SINGLE	PCR	v3/v4	METAGENOMIC	Non-rhizospheric soil sample3	soil metagenome	LS454	44342.79167	Non-rhizospheric soil sample3	SRP321293	201	23.37083	426	258	21	Sandy loam	8.22	30.54	11.15	2.3	0.48	5.03
SRR14654866	AMPLICON	465	687634	PRJNA309754	SAMN04419102	"MIMS.me,MIGS/MIMS/MIMARKS.plant-associated"	1600207	FORMAN CHRISTIAN COLLEGE	23/01/2015	public	"sff,sra"	"gs,ncbi,s3"	"gs.US,ncbi.public,s3.us-east-1"	Salt Mines	Soil	soil	SRX10993377	Pakistan	Afroeurasia	Pakistan: Khewran	Salsola stocksii	Amaranthaceae	Caryophyllales	Deciduous	454 GS FLX Titanium	Highly saline soil	73.08 N 32.30 E	soil microbiome20	SINGLE	PCR	v3/v4	METAGENOMIC	Non-rhizospheric soil sample4	soil metagenome	LS454	44342.79167	Non-rhizospheric soil sample4	SRP321293	200	23.34583	425	260	21	Sandy loam	8.22	30.54	11.15	2.3	0.48	5.03
SRR14654854	AMPLICON	464	517790	PRJNA309754	SAMN04419091	"MIMS.me,MIGS/MIMS/MIMARKS.plant-associated"	1216511	FORMAN CHRISTIAN COLLEGE	23/01/2015	public	"sff,sra"	"gs,ncbi,s3"	"gs.US,ncbi.public,s3.us-east-1"	Salt Mines	Rhizosphere	soil	SRX10993389	Pakistan	Afroeurasia	Pakistan: Khewran	Salsola stocksii	Amaranthaceae	Caryophyllales	Deciduous	454 GS FLX Titanium	Highly saline soil	73.02 N 32.32 E	soil microbiome9	SINGLE	PCR	v3/v4	METAGENOMIC	Salsola stocksii1	rhizosphere metagenome	LS454	44342.79167	Salsola stocksii1	SRP321293	198	23.45833	420	255	21	Sandy loam	8.46	37.55	16.11	3.82	0.62	4.99
SRR14654853	AMPLICON	465	600982	PRJNA309754	SAMN04419092	"MIMS.me,MIGS/MIMS/MIMARKS.plant-associated"	1406641	FORMAN CHRISTIAN COLLEGE	23/01/2015	public	"sff,sra"	"gs,ncbi,s3"	"gs.US,ncbi.public,s3.us-east-1"	Salt Mines	Rhizosphere	soil	SRX10993390	Pakistan	Afroeurasia	Pakistan: Khewran	Salsola stocksii	Amaranthaceae	Caryophyllales	Deciduous	454 GS FLX Titanium	Highly saline soil	73.01 N 32.38 E	soil microbiome10	SINGLE	PCR	v3/v4	METAGENOMIC	Salsola stocksii2	rhizosphere metagenome	LS454	44342.79167	Salsola stocksii2	SRP321293	200	23.39167	424	256	21	Sandy loam	8.46	37.55	16.11	3.82	0.62	4.99
SRR14654875	AMPLICON	464	574460	PRJNA309754	SAMN04419093	"MIMS.me,MIGS/MIMS/MIMARKS.plant-associated"	1348810	FORMAN CHRISTIAN COLLEGE	23/01/2015	public	"sff,sra"	"gs,ncbi,s3"	"gs.US,ncbi.public,s3.us-east-1"	Salt Mines	Rhizosphere	soil	SRX10993368	Pakistan	Afroeurasia	Pakistan: Khewran	Salsola stocksii	Amaranthaceae	Caryophyllales	Deciduous	454 GS FLX Titanium	Highly saline soil	73.07 N 32.33 E	soil microbiome11	SINGLE	PCR	v3/v4	METAGENOMIC	Salsola stocksii3	rhizosphere metagenome	LS454	44342.79167	Salsola stocksii3	SRP321293	201	23.37083	428	260	21	Sandy loam	8.46	37.55	16.11	3.82	0.62	4.99
SRR14654874	AMPLICON	464	628120	PRJNA309754	SAMN04419094	"MIMS.me,MIGS/MIMS/MIMARKS.plant-associated"	1468036	FORMAN CHRISTIAN COLLEGE	23/01/2015	public	"sff,sra"	"gs,ncbi,s3"	"gs.US,ncbi.public,s3.us-east-1"	Salt Mines	Rhizosphere	soil	SRX10993369	Pakistan	Afroeurasia	Pakistan: Khewran	Salsola stocksii	Amaranthaceae	Caryophyllales	Deciduous	454 GS FLX Titanium	Highly saline soil	73.04 N 32.35 E	soil microbiome12	SINGLE	PCR	v3/v4	METAGENOMIC	Salsola stocksii4	rhizosphere metagenome	LS454	44342.79167	Salsola stocksii4	SRP321293	200	23.39167	421	256	21	Sandy loam	8.46	37.55	16.11	3.82	0.62	4.99
SRR14654877	AMPLICON	464	540212	PRJNA309754	SAMN04419083	"MIMS.me,MIGS/MIMS/MIMARKS.plant-associated"	1266756	FORMAN CHRISTIAN COLLEGE	12/11/2014	public	"sff,sra"	"gs,ncbi,s3"	"gs.US,ncbi.public,s3.us-east-1"	agricultural field	Rhizosphere	soil	SRX10993366	Pakistan	Afroeurasia	Pakistan: Khewran	Urochloa mutica	Poaceae	Poales	Perennial	454 GS FLX Titanium	Moderately saline soil	73.07 N 31.42 E	soil microbiome1	SINGLE	PCR	v3/v4	METAGENOMIC	Urochloa mutica1	rhizosphere metagenome	LS454	44342.79167	Urochloa mutica1	SRP321293	186	24.2375	361	234	16	Silty loam	8.05	35.31	12.56	2.91	0.53	4.14
SRR14654876	AMPLICON	461	956719	PRJNA309754	SAMN04419084	"MIMS.me,MIGS/MIMS/MIMARKS.plant-associated"	2217760	FORMAN CHRISTIAN COLLEGE	12/11/2014	public	"sff,sra"	"gs,ncbi,s3"	"gs.US,ncbi.public,s3.us-east-1"	agricultural field	Rhizosphere	soil	SRX10993367	Pakistan	Afroeurasia	Pakistan: Khewran	Urochloa mutica	Poaceae	Poales	Perennial	454 GS FLX Titanium	Moderately saline soil	73.01 N 31.40 E	soil microbiome2	SINGLE	PCR	v3/v4	METAGENOMIC	Urochloa mutica2	rhizosphere metagenome	LS454	44342.79167	Urochloa mutica2	SRP321293	179	23.88333	359	233	16	Silty loam	8.05	35.31	12.56	2.91	0.53	4.14
SRR14654865	AMPLICON	464	612175	PRJNA309754	SAMN04419085	"MIMS.me,MIGS/MIMS/MIMARKS.plant-associated"	1433288	FORMAN CHRISTIAN COLLEGE	12/11/2014	public	"sff,sra"	"gs,ncbi,s3"	"gs.US,ncbi.public,s3.us-east-1"	agricultural field	Rhizosphere	soil	SRX10993378	Pakistan	Afroeurasia	Pakistan: Khewran	Urochloa mutica	Poaceae	Poales	Perennial	454 GS FLX Titanium	Moderately saline soil	73.09 N 31.48 E	soil microbiome3	SINGLE	PCR	v3/v4	METAGENOMIC	Urochloa mutica3	rhizosphere metagenome	LS454	44342.79167	Urochloa mutica3	SRP321293	184	23.94167	366	236	17	Silty loam	8.05	35.31	12.56	2.91	0.53	4.14
SRR14654859	AMPLICON	463	688565	PRJNA309754	SAMN04419086	"MIMS.me,MIGS/MIMS/MIMARKS.plant-associated"	1600559	FORMAN CHRISTIAN COLLEGE	12/11/2014	public	"sff,sra"	"gs,ncbi,s3"	"gs.US,ncbi.public,s3.us-east-1"	agricultural field	Rhizosphere	soil	SRX10993384	Pakistan	Afroeurasia	Pakistan: Khewran	Urochloa mutica	Poaceae	Poales	Perennial	454 GS FLX Titanium	Moderately saline soil	73.05 N 31.41 E	soil microbiome4	SINGLE	PCR	v3/v4	METAGENOMIC	Urochloa mutica4	rhizosphere metagenome	LS454	44342.79167	Urochloa mutica4	SRP321293	185	24.18333	362	234	17	Silty loam	8.05	35.31	12.56	2.91	0.53	4.14
SRR8365825	OTHER	427	33186948	PRJNA511384	SAMN10639364	"MIMS.me,MIGS/MIMS/MIMARKS.plant-associated"	19182473	CENTRE OF BIOTECHNOLOGY OF BORJ CEDRIA (TUNISIA)	01/04/2015	public	"fastq,sra"	"ncbi,gs,s3"	"ncbi.public,s3.us-east-1,gs.US"	agricultural field	Soil	Soil	SRX5176238	Tunisia	Afroeurasia	Tunisia:Bizerte	Opuntia ficus-indica	Cactaceae	Caryophyllales	Perennial	Illumina MiSeq	rhizosphere-soil of Opuntia ficus indica 18	37.12 N 9.54 E	MG19_S88_Humid_BZ_1_Soil_Spineless	PAIRED	PCR	v3/v4	METAGENOMIC	biological replicate 1	plant metagenome	ILLUMINA	09/06/2020 19:00	MG19_S88_Humid_BZ_1_Soil_Spineless	SRP174342	13	17.975	625	270	24	na	7.43	4.44	0.45	13.01	78.88	19.8
SRR8365832	OTHER	571	44841457	PRJNA511384	SAMN10639383	"MIMS.me,MIGS/MIMS/MIMARKS.plant-associated"	25914042	CENTRE OF BIOTECHNOLOGY OF BORJ CEDRIA (TUNISIA)	01/04/2015	public	"fastq,sra"	"gs,ncbi,s3"	"s3.us-east-1,ncbi.public,gs.US"	agricultural field	Rhizosphere	Soil	SRX5176231	Tunisia	Afroeurasia	Tunisia:Bizerte	Opuntia ficus-indica	Cactaceae	Caryophyllales	Perennial	Illumina MiSeq	Root of Opuntia ficus indica 19	37.12 N 9.54 E	R19_S86_Humid_BZ_1_Root_Spineless	PAIRED	PCR	v3/v4	METAGENOMIC	biological replicate 1	plant metagenome	ILLUMINA	09/06/2020 19:00	R19_S86_Humid_BZ_1_Root_Spineless	SRP174342	13	17.975	625	270	24	na	7.43	4.44	0.45	13.01	78.88	19.8
